-- phpMyAdmin SQL Dump
-- version 4.4.13.1
-- http://www.phpmyadmin.net
--
-- Host: prefibcoti1.mysql.db
-- Generation Time: May 02, 2016 at 11:03 AM
-- Server version: 5.5.46-0+deb7u1-log
-- PHP Version: 5.4.45-0+deb7u2

SET SQL_MODE = "NO_AUTO_VALUE_ON_ZERO";
SET time_zone = "+00:00";


/*!40101 SET @OLD_CHARACTER_SET_CLIENT=@@CHARACTER_SET_CLIENT */;
/*!40101 SET @OLD_CHARACTER_SET_RESULTS=@@CHARACTER_SET_RESULTS */;
/*!40101 SET @OLD_COLLATION_CONNECTION=@@COLLATION_CONNECTION */;
/*!40101 SET NAMES utf8mb4 */;

--
-- Database: `prefibcoti1`
--

-- --------------------------------------------------------

--
-- Table structure for table `commentaire`
--

CREATE TABLE IF NOT EXISTS `commentaire` (
  `id_commentaire` int(11) NOT NULL DEFAULT '0',
  `texte` text,
  `date` date DEFAULT NULL,
  `id_type_commentaire` int(11) DEFAULT NULL
) ENGINE=InnoDB DEFAULT CHARSET=utf8;

--
-- Dumping data for table `commentaire`
--

INSERT INTO `commentaire` (`id_commentaire`, `texte`, `date`, `id_type_commentaire`) VALUES
(2, 'Goldman Sachs anticipe une accélération du « QE » de la BCE et une baisse de taux en mars', '2016-02-29', 0);

-- --------------------------------------------------------

--
-- Table structure for table `commentaire_indice`
--

CREATE TABLE IF NOT EXISTS `commentaire_indice` (
  `id_commentaire` int(11) NOT NULL DEFAULT '0',
  `id_indice` int(11) NOT NULL DEFAULT '0'
) ENGINE=InnoDB DEFAULT CHARSET=utf8;

--
-- Dumping data for table `commentaire_indice`
--

INSERT INTO `commentaire_indice` (`id_commentaire`, `id_indice`) VALUES
(2, 4);

-- --------------------------------------------------------

--
-- Table structure for table `continent`
--

CREATE TABLE IF NOT EXISTS `continent` (
  `id_continent` int(11) NOT NULL DEFAULT '0',
  `nom_continent` varchar(255) DEFAULT NULL
) ENGINE=InnoDB DEFAULT CHARSET=utf8;

--
-- Dumping data for table `continent`
--

INSERT INTO `continent` (`id_continent`, `nom_continent`) VALUES
(0, 'États-Unis'),
(1, 'Europe'),
(2, 'Asie');

-- --------------------------------------------------------

--
-- Table structure for table `indice`
--

CREATE TABLE IF NOT EXISTS `indice` (
  `id_indice` int(11) NOT NULL,
  `nom_indice` varchar(255) DEFAULT NULL,
  `id_continent` int(11) DEFAULT NULL,
  `couleur` char(7) DEFAULT NULL,
  `sectoriel` tinyint(1) DEFAULT NULL,
  `symbole` varchar(250) NOT NULL
) ENGINE=InnoDB AUTO_INCREMENT=27 DEFAULT CHARSET=utf8;

--
-- Dumping data for table `indice`
--

INSERT INTO `indice` (`id_indice`, `nom_indice`, `id_continent`, `couleur`, `sectoriel`, `symbole`) VALUES
(3, 'DOW JONES', 0, '#2d2dff', 0, '^DJI'),
(4, 'NASDAQ', 0, '#071BA3', 0, '^ixic'),
(5, 'S&P500', 0, '#145EDE', 0, '^GDAXI'),
(6, 'CAC40', 1, '#96B7E3', 0, '^FCHI'),
(7, 'DAX', 1, '#D313E8', 0, '^GDAXI'),
(8, 'MIB', 1, '#F7812D', 0, 'FTSEMIB.MI'),
(9, 'EUROSTOXX 50', 1, '#505D61', 0, '^STOXX50E'),
(10, 'NIKKEI225', 2, '#071BA3', 0, '^n225'),
(11, 'SSEC', 2, '#145EDE', 0, 'SSE'),
(12, 'HSI', 2, '#96B7E3', 0, '^HSI'),
(15, 'Indices sectoriels Alimentaires', 0, '#96B7E3', 1, '0'),
(17, 'Indices sectoriels plus performants ', 0, '#96B7E3', 1, '0'),
(18, 'Indices sectoriels moins performants ', 0, '#96B7E3', 1, '0'),
(19, 'FTSE 100', 1, '#8800aa', 0, '^FTSE'),
(20, 'AEX', 1, '#ff0000', 0, '^AEX'),
(22, 'Indices Utilities', 0, '#8800aa', 1, '^GSPC'),
(25, 'IBEX', 1, '#8800aa', 0, '^ibex');

-- --------------------------------------------------------

--
-- Table structure for table `type_commentaire`
--

CREATE TABLE IF NOT EXISTS `type_commentaire` (
  `id_type_commentaire` int(11) NOT NULL DEFAULT '0',
  `description` varchar(255) DEFAULT NULL,
  `icone` varchar(31) DEFAULT NULL,
  `couleur` char(7) DEFAULT NULL
) ENGINE=InnoDB DEFAULT CHARSET=utf8;

--
-- Dumping data for table `type_commentaire`
--

INSERT INTO `type_commentaire` (`id_type_commentaire`, `description`, `icone`, `couleur`) VALUES
(1, 'Prévision Goldman Sachs', 'test1', '#123456');

-- --------------------------------------------------------

--
-- Table structure for table `type_valeur`
--

CREATE TABLE IF NOT EXISTS `type_valeur` (
  `id_type_valeur` int(11) NOT NULL,
  `nom_type_valeur` varchar(255) NOT NULL,
  `couleur_type_valeur` char(7) NOT NULL
) ENGINE=InnoDB AUTO_INCREMENT=4 DEFAULT CHARSET=utf8;

--
-- Dumping data for table `type_valeur`
--

INSERT INTO `type_valeur` (`id_type_valeur`, `nom_type_valeur`, `couleur_type_valeur`) VALUES
(0, 'moyenne', ''),
(1, 'min', '#fe4e4e'),
(2, 'max', '#4efe4e');

-- --------------------------------------------------------

--
-- Table structure for table `type_valeur_api`
--

CREATE TABLE IF NOT EXISTS `type_valeur_api` (
  `id_type_valeur_api` int(11) NOT NULL,
  `nom_type_valeur` varchar(250) NOT NULL,
  `couleur_type_valeur` char(7) NOT NULL
) ENGINE=InnoDB AUTO_INCREMENT=7 DEFAULT CHARSET=utf8;

--
-- Dumping data for table `type_valeur_api`
--

INSERT INTO `type_valeur_api` (`id_type_valeur_api`, `nom_type_valeur`, `couleur_type_valeur`) VALUES
(1, 'min', '#fe4e4e'),
(2, 'max', '#4efe4e'),
(3, 'ouv', ''),
(4, 'fer', ''),
(5, 'actuel', ''),
(6, 'fermeture', '');

-- --------------------------------------------------------

--
-- Table structure for table `valeur`
--

CREATE TABLE IF NOT EXISTS `valeur` (
  `annuelle` tinyint(1) NOT NULL,
  `id_indice` int(11) NOT NULL DEFAULT '0',
  `periode` date NOT NULL DEFAULT '0000-00-00',
  `id_type_valeur` int(11) NOT NULL DEFAULT '0',
  `valeur` float DEFAULT NULL,
  `est_prevision` tinyint(1) DEFAULT NULL
) ENGINE=InnoDB DEFAULT CHARSET=utf8;

--
-- Dumping data for table `valeur`
--

INSERT INTO `valeur` (`annuelle`, `id_indice`, `periode`, `id_type_valeur`, `valeur`, `est_prevision`) VALUES
(1, 3, '2005-01-01', 0, 10531.8, 0),
(1, 3, '2006-01-01', 0, 11399.4, 0),
(1, 3, '2007-01-01', 0, 13163.9, 0),
(1, 3, '2008-01-01', 0, 11410.4, 0),
(1, 3, '2009-01-01', 0, 8818.3, 0),
(1, 3, '2010-01-01', 0, 10547.5, 0),
(1, 3, '2011-01-01', 0, 12066.7, 0),
(1, 3, '2012-01-01', 0, 12967.3, 0),
(1, 3, '2013-01-01', 0, 14940.1, 0),
(1, 3, '2014-01-01', 0, 16810, 0),
(1, 3, '2015-01-01', 0, 17516, 0),
(0, 3, '2015-03-31', 0, 17700, 0),
(0, 3, '2015-03-31', 1, 15855, 0),
(0, 3, '2015-03-31', 2, 18103, 0),
(0, 3, '2015-06-30', 0, 17854, 0),
(0, 3, '2015-06-30', 1, 17037, 0),
(0, 3, '2015-06-30', 2, 18288, 0),
(0, 3, '2015-09-30', 0, 17860, 0),
(0, 3, '2015-09-30', 1, 17576, 0),
(0, 3, '2015-09-30', 2, 18351, 0),
(0, 3, '2015-12-31', 0, 17415, 0),
(0, 3, '2015-12-31', 1, 15370, 0),
(0, 3, '2015-12-31', 2, 18137, 0),
(1, 3, '2016-01-01', 0, 17347, 1),
(0, 3, '2016-03-31', 0, 16845, 0),
(0, 3, '2016-03-31', 1, 14580, 0),
(0, 3, '2016-03-31', 2, 17010, 0),
(0, 3, '2016-06-30', 0, 17495, 1),
(0, 3, '2016-06-30', 1, 17000, 1),
(0, 3, '2016-06-30', 2, 18000, 1),
(0, 3, '2016-09-30', 0, 18023, 1),
(0, 3, '2016-09-30', 1, 17500, 1),
(0, 3, '2016-09-30', 2, 19000, 1),
(1, 4, '2005-01-01', 0, 2100.9, 0),
(1, 4, '2006-01-01', 0, 2271.8, 0),
(1, 4, '2007-01-01', 0, 2577, 0),
(1, 4, '2008-01-01', 0, 2193.2, 0),
(1, 4, '2009-01-01', 0, 1827.6, 0),
(1, 4, '2010-01-01', 0, 2325.5, 0),
(1, 4, '2011-01-01', 0, 2703.1, 0),
(1, 4, '2012-01-01', 0, 2971.8, 0),
(1, 4, '2013-01-01', 0, 3534.7, 0),
(1, 4, '2014-01-01', 0, 4390, 0),
(1, 4, '2015-01-01', 0, 4913, 0),
(0, 4, '2015-03-31', 0, 4894, 0),
(0, 4, '2015-03-31', 1, 4500, 0),
(0, 4, '2015-03-31', 2, 5250, 0),
(0, 4, '2015-06-30', 0, 4814, 0),
(0, 4, '2015-06-30', 1, 4200, 0),
(0, 4, '2015-06-30', 2, 5200, 0),
(0, 4, '2015-09-30', 0, NULL, 0),
(0, 4, '2015-09-30', 1, 4650, 0),
(0, 4, '2015-09-30', 2, 5000, 0),
(0, 4, '2015-12-31', 0, NULL, 0),
(1, 4, '2016-01-01', 0, 4865, 1),
(0, 4, '2016-03-31', 0, NULL, 0),
(0, 4, '2016-06-30', 0, NULL, 0),
(0, 4, '2016-09-30', 0, NULL, 0),
(1, 5, '2005-01-01', 0, NULL, 0),
(1, 5, '2006-01-01', 0, NULL, 0),
(1, 5, '2007-01-01', 0, NULL, 0),
(1, 5, '2008-01-01', 0, NULL, 0),
(1, 5, '2009-01-01', 0, NULL, 0),
(1, 5, '2010-01-01', 0, NULL, 0),
(1, 5, '2011-01-01', 0, NULL, 0),
(1, 5, '2012-01-01', 0, NULL, 0),
(1, 5, '2013-01-01', 0, NULL, 0),
(1, 5, '2014-01-01', 0, NULL, 0),
(1, 5, '2015-01-01', 0, NULL, 0),
(1, 5, '2016-01-01', 0, NULL, 0),
(1, 6, '2005-01-01', 0, 4252.7, 0),
(1, 6, '2006-01-01', 0, 5128, 0),
(1, 6, '2007-01-01', 0, 5754.4, 0),
(1, 6, '2008-01-01', 0, 4407.1, 0),
(1, 6, '2009-01-01', 0, 3319.6, 0),
(1, 6, '2010-01-01', 0, 3698.4, 0),
(1, 6, '2011-01-01', 0, 3668.7, 0),
(1, 6, '2012-01-01', 0, 3340.8, 0),
(1, 6, '2013-01-01', 0, 4019.5, 0),
(1, 6, '2014-01-01', 0, 4357, 0),
(1, 6, '2015-01-01', 0, 4850, 0),
(1, 6, '2016-01-01', 0, 4670, 0),
(1, 7, '2005-01-01', 0, 4661.3, 0),
(1, 7, '2006-01-01', 0, 5914.1, 0),
(1, 7, '2007-01-01', 0, 7498.5, 0),
(1, 7, '2008-01-01', 0, 6285.9, 0),
(1, 7, '2009-01-01', 0, 4976.9, 0),
(1, 7, '2010-01-01', 0, 6126.8, 0),
(1, 7, '2011-01-01', 0, 6720.1, 0),
(1, 7, '2012-01-01', 0, 6854.7, 0),
(1, 7, '2013-01-01', 0, 8305.3, 0),
(1, 7, '2014-01-01', 0, 9600, 0),
(1, 7, '2015-01-01', 0, 10997, 0),
(1, 7, '2016-01-01', 0, 10889, 0),
(1, 9, '2005-01-01', 0, 4253, 0),
(1, 9, '2006-01-01', 0, 5128, 0),
(1, 9, '2007-01-01', 0, 5754, 0),
(1, 9, '2008-01-01', 0, 4407, 0),
(1, 9, '2009-01-01', 0, 3320, 0),
(1, 9, '2010-01-01', 0, 3698, 0),
(1, 9, '2011-01-01', 0, 3669, 0),
(1, 9, '2012-01-01', 0, 3341, 0),
(1, 9, '2013-01-01', 0, 4020, 0),
(1, 9, '2014-01-01', 0, 4357, 0),
(1, 9, '2015-01-01', 0, 4850, 0),
(1, 9, '2016-01-01', 0, 4670, 1),
(1, 15, '2012-01-01', 0, 0, 0),
(1, 22, '2005-01-01', 0, 0, 0),
(1, 22, '2006-01-01', 0, 0, 0),
(1, 22, '2007-01-01', 0, 0, 0),
(1, 22, '2008-01-01', 0, 0, 0),
(1, 22, '2009-01-01', 0, 0, 0),
(1, 22, '2010-01-01', 0, 0, 0),
(1, 22, '2011-01-01', 0, 0, 0),
(1, 22, '2012-01-01', 0, 0, 0),
(1, 22, '2013-01-01', 0, 0, 0),
(1, 22, '2014-01-01', 0, 0, 0),
(1, 22, '2015-01-01', 0, 0, 0),
(1, 22, '2016-01-01', 0, 0, 0);

-- --------------------------------------------------------

--
-- Table structure for table `valeur_api`
--

CREATE TABLE IF NOT EXISTS `valeur_api` (
  `id_indice` int(11) NOT NULL DEFAULT '0',
  `date` timestamp NOT NULL DEFAULT '0000-00-00 00:00:00',
  `id_type_valeur_api` int(11) NOT NULL DEFAULT '0',
  `valeur` float DEFAULT NULL,
  `date_maj` timestamp NOT NULL DEFAULT CURRENT_TIMESTAMP ON UPDATE CURRENT_TIMESTAMP
) ENGINE=InnoDB DEFAULT CHARSET=utf8;

--
-- Dumping data for table `valeur_api`
--

INSERT INTO `valeur_api` (`id_indice`, `date`, `id_type_valeur_api`, `valeur`, `date_maj`) VALUES
(10, '2016-04-06 04:00:01', 1, 0, '2016-04-06 21:55:19'),
(12, '2016-04-06 06:01:20', 1, 20100, '2016-04-06 21:55:19'),
(8, '2016-04-06 13:35:56', 1, 17036.5, '2016-04-06 21:55:19'),
(7, '2016-04-06 13:38:01', 1, 8345.4, '2016-04-06 21:55:18'),
(6, '2016-04-06 14:05:01', 1, 4251.15, '2016-04-06 21:24:31'),
(11, '2016-04-06 18:10:00', 1, 0.575, '2016-04-06 21:55:19'),
(3, '2016-04-06 18:35:18', 1, 17542.5, '2016-04-06 21:24:30'),
(4, '2016-04-06 19:15:59', 1, 4849.28, '2016-04-06 21:55:18'),
(9, '2016-04-06 19:54:38', 1, 1.13269, '2016-04-06 21:55:19'),
(9, '2016-04-06 19:54:41', 1, 1.13269, '2016-04-06 21:55:25'),
(9, '2016-04-06 19:55:00', 1, 1.13269, '2016-04-06 21:59:41'),
(10, '2016-04-08 04:00:01', 1, 15471.8, '2016-04-08 19:01:24'),
(12, '2016-04-08 06:00:44', 1, 20045.5, '2016-04-08 19:01:25'),
(12, '2016-04-08 06:01:22', 1, 20045.5, '2016-04-09 18:34:18'),
(8, '2016-04-08 13:30:00', 1, 16956.5, '2016-04-08 19:01:24'),
(8, '2016-04-08 13:35:55', 1, 16956.5, '2016-04-09 18:34:16'),
(7, '2016-04-08 13:38:00', 1, 8309.9, '2016-04-08 19:01:24'),
(6, '2016-04-08 14:05:01', 1, 4258.51, '2016-04-08 19:01:23'),
(11, '2016-04-08 16:47:55', 1, 0.62, '2016-04-08 19:01:24'),
(9, '2016-04-08 17:00:39', 1, 1.1349, '2016-04-08 19:01:24'),
(3, '2016-04-08 17:00:40', 1, 17555.4, '2016-04-08 19:01:23'),
(4, '2016-04-08 17:00:40', 1, 4835.36, '2016-04-08 19:01:23'),
(3, '2016-04-08 18:49:26', 1, 17528.2, '2016-04-09 18:34:14'),
(4, '2016-04-08 19:15:59', 1, 4835.36, '2016-04-09 18:34:15'),
(11, '2016-04-08 22:00:00', 1, 0.62, '2016-04-09 18:34:17'),
(9, '2016-04-09 09:53:12', 1, 1.1402, '2016-04-09 18:34:17'),
(9, '2016-04-10 16:42:15', 1, 1.1402, '2016-04-10 18:43:15'),
(10, '2016-04-11 04:00:01', 1, 15525.5, '2016-04-11 18:24:10'),
(12, '2016-04-11 06:01:22', 1, 20240.7, '2016-04-11 18:24:11'),
(8, '2016-04-11 13:35:57', 1, 17323.5, '2016-04-11 18:24:10'),
(7, '2016-04-11 13:38:01', 1, 8344.4, '2016-04-11 18:24:09'),
(6, '2016-04-11 14:05:01', 1, 4263.08, '2016-04-11 18:24:09'),
(11, '2016-04-11 16:23:30', 1, 0.6605, '2016-04-11 18:24:10'),
(3, '2016-04-11 16:24:09', 1, 17586.5, '2016-04-11 18:24:09'),
(4, '2016-04-11 16:24:09', 1, 4855.14, '2016-04-11 18:24:09'),
(9, '2016-04-11 16:24:10', 1, 1.13735, '2016-04-11 18:24:10'),
(10, '2016-04-25 04:00:01', 1, 17403.9, '2016-04-25 17:58:26'),
(12, '2016-04-25 06:01:20', 1, 21254.5, '2016-04-25 17:58:26'),
(8, '2016-04-25 13:35:58', 1, 18333.3, '2016-04-25 17:58:26'),
(7, '2016-04-25 13:38:01', 1, 9124.3, '2016-04-25 17:58:26'),
(6, '2016-04-25 14:05:01', 1, 4522.23, '2016-04-25 17:58:26'),
(11, '2016-04-25 15:57:48', 1, 0.211, '2016-04-25 17:58:26'),
(9, '2016-04-25 15:58:20', 1, 1.12235, '2016-04-25 17:58:26'),
(3, '2016-04-25 15:58:25', 1, 17855.6, '2016-04-25 17:58:26'),
(4, '2016-04-25 15:58:25', 1, 4878.37, '2016-04-25 17:58:26'),
(11, '2016-04-25 17:28:59', 1, 0.211, '2016-04-25 19:30:09'),
(9, '2016-04-25 17:30:03', 1, 1.12235, '2016-04-25 19:30:09'),
(3, '2016-04-25 17:30:08', 1, 17855.6, '2016-04-25 19:30:08'),
(4, '2016-04-25 17:30:08', 1, 4878.37, '2016-04-25 19:30:08'),
(11, '2016-04-25 18:02:49', 1, 0.211, '2016-04-26 04:48:39'),
(3, '2016-04-25 18:38:35', 1, 17855.6, '2016-04-26 04:48:38'),
(4, '2016-04-25 19:15:59', 1, 4878.37, '2016-04-26 04:48:38'),
(12, '2016-04-26 02:05:00', 1, 21080.9, '2016-04-26 04:48:39'),
(10, '2016-04-26 02:28:30', 1, 17200.5, '2016-04-26 04:48:39'),
(9, '2016-04-26 02:48:35', 1, 1.12605, '2016-04-26 04:48:39'),
(10, '2016-04-26 03:30:30', 1, 17200.5, '2016-04-26 05:50:35'),
(12, '2016-04-26 03:35:32', 1, 21080.9, '2016-04-26 05:50:35'),
(9, '2016-04-26 03:50:33', 1, 1.12565, '2016-04-26 05:50:35'),
(10, '2016-04-26 04:00:01', 1, 17200.5, '2016-04-26 14:04:03'),
(12, '2016-04-26 06:01:22', 1, 21080.9, '2016-04-26 14:04:03'),
(7, '2016-04-26 11:47:54', 1, 9162.7, '2016-04-26 14:04:03'),
(6, '2016-04-26 11:48:00', 1, 4523.08, '2016-04-26 14:04:02'),
(8, '2016-04-26 12:02:59', 1, 18481.6, '2016-04-26 14:04:03'),
(11, '2016-04-26 12:02:59', 1, 0.215, '2016-04-26 14:04:03'),
(9, '2016-04-26 12:03:02', 1, 1.12545, '2016-04-26 14:04:03'),
(3, '2016-04-26 12:04:02', 1, 17984.8, '2016-04-26 14:04:02'),
(4, '2016-04-26 12:04:02', 1, 4897.02, '2016-04-26 14:04:02'),
(8, '2016-04-26 13:30:00', 1, 18481.6, '2016-04-26 16:04:04'),
(7, '2016-04-26 13:38:00', 1, 9162.7, '2016-04-26 16:04:03'),
(6, '2016-04-26 13:49:00', 1, 4515.4, '2016-04-26 16:04:03'),
(11, '2016-04-26 14:02:26', 1, 0.215, '2016-04-26 16:04:04'),
(3, '2016-04-26 14:04:02', 1, 17934.2, '2016-04-26 16:04:03'),
(9, '2016-04-26 14:04:02', 1, 1.12545, '2016-04-26 16:04:04'),
(4, '2016-04-26 14:04:03', 1, 4875.84, '2016-04-26 16:04:03'),
(6, '2016-04-26 14:05:01', 1, 4515.4, '2016-04-26 18:04:02'),
(11, '2016-04-26 16:02:05', 1, 0.215, '2016-04-26 18:04:03'),
(3, '2016-04-26 16:04:02', 1, 17934.2, '2016-04-26 18:04:02'),
(4, '2016-04-26 16:04:02', 1, 4875.84, '2016-04-26 18:04:02'),
(9, '2016-04-26 16:04:02', 1, 1.12545, '2016-04-26 18:04:03'),
(11, '2016-04-26 18:02:03', 1, 0.215, '2016-04-26 20:04:03'),
(9, '2016-04-26 18:03:59', 1, 1.12545, '2016-04-26 20:04:03'),
(3, '2016-04-26 18:04:02', 1, 17934.2, '2016-04-26 20:04:03'),
(4, '2016-04-26 18:04:02', 1, 4875.42, '2016-04-26 20:04:03'),
(3, '2016-04-26 18:46:36', 1, 17934.3, '2016-04-26 22:04:02'),
(4, '2016-04-26 19:15:59', 1, 4875.42, '2016-04-26 22:04:02'),
(9, '2016-04-26 20:03:50', 1, 1.12965, '2016-04-26 22:04:03'),
(9, '2016-04-26 22:03:58', 1, 1.12905, '2016-04-27 00:04:04'),
(10, '2016-04-26 23:44:00', 1, 17237, '2016-04-27 02:04:03'),
(12, '2016-04-26 23:49:00', 1, 21277, '2016-04-27 02:04:03'),
(9, '2016-04-27 00:04:01', 1, 1.12905, '2016-04-27 02:04:03'),
(10, '2016-04-27 01:44:00', 1, 17230.2, '2016-04-27 04:04:03'),
(12, '2016-04-27 01:49:02', 1, 21277, '2016-04-27 04:04:03'),
(9, '2016-04-27 02:04:02', 1, 1.12905, '2016-04-27 04:04:03'),
(10, '2016-04-27 03:44:00', 1, 17230.2, '2016-04-27 06:04:02'),
(12, '2016-04-27 03:49:00', 1, 21277, '2016-04-27 06:04:03'),
(10, '2016-04-27 04:00:01', 1, 17230.2, '2016-04-27 08:04:03'),
(9, '2016-04-27 04:04:01', 1, 1.12905, '2016-04-27 06:04:02'),
(6, '2016-04-27 05:48:45', 1, 4527.09, '2016-04-27 08:04:03'),
(7, '2016-04-27 05:48:49', 1, 9289, '2016-04-27 08:04:03'),
(12, '2016-04-27 05:48:52', 1, 21277, '2016-04-27 08:04:03'),
(12, '2016-04-27 06:01:22', 1, 21277, '2016-04-27 10:04:03'),
(8, '2016-04-27 06:03:50', 1, 18648.2, '2016-04-27 08:04:03'),
(9, '2016-04-27 06:03:53', 1, 1.12905, '2016-04-27 08:04:03'),
(7, '2016-04-27 07:48:59', 1, 9277, '2016-04-27 10:04:03'),
(6, '2016-04-27 07:49:00', 1, 4525.79, '2016-04-27 10:04:03'),
(8, '2016-04-27 08:03:59', 1, 18595.1, '2016-04-27 10:04:03'),
(9, '2016-04-27 08:04:02', 1, 1.12905, '2016-04-27 10:04:03'),
(7, '2016-04-27 09:48:56', 1, 9277, '2016-04-27 12:04:04'),
(6, '2016-04-27 09:49:00', 1, 4525.79, '2016-04-27 12:04:04'),
(8, '2016-04-27 10:04:02', 1, 18595.1, '2016-04-27 12:04:04'),
(9, '2016-04-27 10:04:03', 1, 1.12905, '2016-04-27 12:04:04'),
(7, '2016-04-27 11:47:54', 1, 9277, '2016-04-27 14:04:03'),
(6, '2016-04-27 11:48:00', 1, 4525.79, '2016-04-27 14:04:03'),
(11, '2016-04-27 11:56:49', 1, 0.2153, '2016-04-27 14:04:03'),
(8, '2016-04-27 12:02:50', 1, 18595.1, '2016-04-27 14:04:03'),
(9, '2016-04-27 12:03:01', 1, 1.12905, '2016-04-27 14:04:03'),
(3, '2016-04-27 12:04:02', 1, 17933.9, '2016-04-27 14:04:02'),
(4, '2016-04-27 12:04:02', 1, 4846.54, '2016-04-27 14:04:03'),
(8, '2016-04-27 13:29:58', 1, 18595.1, '2016-04-27 16:04:03'),
(19, '2016-04-27 13:35:29', 1, 6255.2, '2016-04-27 19:08:09'),
(7, '2016-04-27 13:38:01', 1, 9277, '2016-04-27 16:04:03'),
(5, '2016-04-27 13:45:00', 1, 10220.6, '2016-04-27 19:08:08'),
(6, '2016-04-27 13:49:00', 1, 4525.79, '2016-04-27 16:04:03'),
(11, '2016-04-27 13:58:59', 1, 0.2153, '2016-04-27 16:04:03'),
(3, '2016-04-27 14:04:02', 1, 17920.3, '2016-04-27 16:04:02'),
(4, '2016-04-27 14:04:02', 1, 4826.38, '2016-04-27 16:04:02'),
(9, '2016-04-27 14:04:03', 1, 1.12905, '2016-04-27 16:04:03'),
(6, '2016-04-27 14:05:01', 1, 4525.79, '2016-04-27 18:04:03'),
(11, '2016-04-27 16:03:37', 1, 0.2153, '2016-04-27 18:04:03'),
(3, '2016-04-27 16:04:02', 1, 17920.3, '2016-04-27 18:04:03'),
(4, '2016-04-27 16:04:02', 1, 4826.38, '2016-04-27 18:04:03'),
(9, '2016-04-27 16:04:02', 1, 1.1271, '2016-04-27 18:04:03'),
(20, '2016-04-27 16:53:04', 1, 445.29, '2016-04-27 19:08:09'),
(11, '2016-04-27 17:07:47', 1, 0.2153, '2016-04-27 19:08:08'),
(9, '2016-04-27 17:08:06', 1, 1.1271, '2016-04-27 19:08:08'),
(3, '2016-04-27 17:08:08', 1, 17920.3, '2016-04-27 19:08:08'),
(4, '2016-04-27 17:08:08', 1, 4826.38, '2016-04-27 19:08:08'),
(22, '2016-04-27 17:08:09', 1, 2082.31, '2016-04-27 19:08:09'),
(20, '2016-04-27 17:48:55', 1, 445.29, '2016-04-27 20:04:03'),
(20, '2016-04-27 17:59:57', 1, 445.29, '2016-04-27 22:04:04'),
(11, '2016-04-27 18:00:00', 1, 0.2153, '2016-04-27 20:04:03'),
(11, '2016-04-27 18:02:02', 1, 0.2153, '2016-04-27 22:04:03'),
(3, '2016-04-27 18:04:02', 1, 17920.3, '2016-04-27 20:04:02'),
(4, '2016-04-27 18:04:02', 1, 4826.38, '2016-04-27 20:04:02'),
(9, '2016-04-27 18:04:02', 1, 1.1271, '2016-04-27 20:04:03'),
(22, '2016-04-27 18:04:03', 1, 2082.31, '2016-04-27 20:04:04'),
(3, '2016-04-27 18:37:09', 1, 17920.3, '2016-04-27 22:04:03'),
(22, '2016-04-27 18:37:09', 1, 2082.31, '2016-04-27 22:04:04'),
(4, '2016-04-27 19:15:59', 1, 4826.38, '2016-04-27 22:04:03'),
(9, '2016-04-27 20:04:00', 1, 1.13255, '2016-04-27 22:04:03'),
(9, '2016-04-27 22:03:58', 1, 1.13185, '2016-04-28 00:04:03'),
(10, '2016-04-27 23:44:00', 1, 17427.4, '2016-04-28 02:04:03'),
(12, '2016-04-27 23:49:00', 1, 21489, '2016-04-28 02:04:03'),
(9, '2016-04-28 00:04:02', 1, 1.13, '2016-04-28 02:04:03'),
(10, '2016-04-28 01:44:00', 1, 16738.2, '2016-04-28 04:04:03'),
(12, '2016-04-28 01:49:02', 1, 21255.4, '2016-04-28 04:04:03'),
(9, '2016-04-28 02:04:01', 1, 1.12955, '2016-04-28 04:04:03'),
(10, '2016-04-28 03:44:00', 1, 16652.7, '2016-04-28 06:04:05'),
(12, '2016-04-28 03:49:02', 1, 21255.4, '2016-04-28 06:04:05'),
(10, '2016-04-28 04:00:01', 1, 16652.7, '2016-04-28 08:04:03'),
(9, '2016-04-28 04:04:03', 1, 1.12955, '2016-04-28 06:04:05'),
(7, '2016-04-28 05:47:58', 1, 9156.7, '2016-04-28 08:04:03'),
(6, '2016-04-28 05:48:00', 1, 4517.26, '2016-04-28 08:04:03'),
(20, '2016-04-28 05:48:01', 1, 444.49, '2016-04-28 08:04:04'),
(12, '2016-04-28 05:48:02', 1, 21255.4, '2016-04-28 08:04:03'),
(5, '2016-04-28 05:48:03', 1, 10208.5, '2016-04-28 08:04:03'),
(19, '2016-04-28 05:48:03', 1, 6259.99, '2016-04-28 08:04:04'),
(12, '2016-04-28 06:01:22', 1, 21255.4, '2016-04-28 10:04:03'),
(8, '2016-04-28 06:03:01', 1, 18612.4, '2016-04-28 08:04:03'),
(9, '2016-04-28 06:03:02', 1, 1.12955, '2016-04-28 08:04:03'),
(7, '2016-04-28 07:48:59', 1, 9085.5, '2016-04-28 10:04:03'),
(6, '2016-04-28 07:49:00', 1, 4482.37, '2016-04-28 10:04:03'),
(20, '2016-04-28 07:49:00', 1, 442.13, '2016-04-28 10:04:04'),
(19, '2016-04-28 07:49:01', 1, 6224.47, '2016-04-28 10:04:04'),
(5, '2016-04-28 07:49:02', 1, 10125.5, '2016-04-28 10:04:03'),
(9, '2016-04-28 08:03:58', 1, 1.12955, '2016-04-28 10:04:03'),
(8, '2016-04-28 08:03:59', 1, 18540.1, '2016-04-28 10:04:03'),
(7, '2016-04-28 09:48:54', 1, 9085.5, '2016-04-28 12:04:03'),
(6, '2016-04-28 09:49:00', 1, 4482.37, '2016-04-28 12:04:03'),
(20, '2016-04-28 09:49:00', 1, 442.13, '2016-04-28 12:04:04'),
(19, '2016-04-28 09:49:01', 1, 6224.47, '2016-04-28 12:04:04'),
(5, '2016-04-28 09:49:03', 1, 10125.5, '2016-04-28 12:04:03'),
(8, '2016-04-28 10:03:59', 1, 18540.1, '2016-04-28 12:04:03'),
(9, '2016-04-28 10:04:02', 1, 1.12955, '2016-04-28 12:04:03'),
(7, '2016-04-28 11:47:49', 1, 9085.5, '2016-04-28 14:04:03'),
(20, '2016-04-28 11:47:59', 1, 442.13, '2016-04-28 14:04:04'),
(6, '2016-04-28 11:48:00', 1, 4482.37, '2016-04-28 14:04:03'),
(5, '2016-04-28 11:48:03', 1, 10125.5, '2016-04-28 14:04:02'),
(19, '2016-04-28 11:48:04', 1, 6224.47, '2016-04-28 14:04:04'),
(11, '2016-04-28 12:02:56', 1, 0.2152, '2016-04-28 14:04:03'),
(8, '2016-04-28 12:03:00', 1, 18540.1, '2016-04-28 14:04:03'),
(9, '2016-04-28 12:03:02', 1, 1.12955, '2016-04-28 14:04:03'),
(3, '2016-04-28 12:04:02', 1, 17930.8, '2016-04-28 14:04:02'),
(4, '2016-04-28 12:04:02', 1, 4853.4, '2016-04-28 14:04:02'),
(22, '2016-04-28 12:04:03', 1, 2086.09, '2016-04-28 14:04:04'),
(8, '2016-04-28 13:29:59', 1, 18540.1, '2016-04-28 16:04:03'),
(19, '2016-04-28 13:29:59', 1, 6224.47, '2016-04-28 16:04:03'),
(19, '2016-04-28 13:35:29', 1, 6224.47, '2016-04-28 18:04:04'),
(7, '2016-04-28 13:38:00', 1, 9085.5, '2016-04-28 16:04:03'),
(25, '2016-04-28 13:38:00', 1, 9085.5, '2016-04-28 20:34:49'),
(5, '2016-04-28 13:45:00', 1, 10125.5, '2016-04-28 16:04:02'),
(7, '2016-04-28 13:45:00', 1, 10125.5, '2016-04-28 20:34:48'),
(6, '2016-04-28 13:49:00', 1, 4482.37, '2016-04-28 16:04:02'),
(20, '2016-04-28 13:49:00', 1, 442.13, '2016-04-28 16:04:03'),
(9, '2016-04-28 13:50:00', 1, 3067.61, '2016-04-28 20:34:48'),
(11, '2016-04-28 13:52:20', 1, 0.21, '2016-04-28 16:04:03'),
(3, '2016-04-28 14:04:02', 1, 17930.8, '2016-04-28 16:04:02'),
(4, '2016-04-28 14:04:02', 1, 4853.4, '2016-04-28 16:04:02'),
(9, '2016-04-28 14:04:02', 1, 1.12955, '2016-04-28 16:04:03'),
(22, '2016-04-28 14:04:03', 1, 2086.09, '2016-04-28 16:04:04'),
(6, '2016-04-28 14:05:01', 1, 4482.37, '2016-04-28 18:04:03'),
(20, '2016-04-28 15:45:18', 1, 442.13, '2016-04-28 18:04:04'),
(11, '2016-04-28 16:02:16', 1, 0.21, '2016-04-28 18:04:03'),
(3, '2016-04-28 16:04:02', 1, 17930.8, '2016-04-28 18:04:02'),
(4, '2016-04-28 16:04:02', 1, 4853.4, '2016-04-28 18:04:02'),
(9, '2016-04-28 16:04:02', 1, 1.12955, '2016-04-28 18:04:03'),
(22, '2016-04-28 16:04:04', 1, 2086.09, '2016-04-28 18:04:04'),
(20, '2016-04-28 17:48:57', 1, 442.13, '2016-04-28 20:04:04'),
(20, '2016-04-28 17:59:57', 1, 442.13, '2016-04-28 20:34:49'),
(11, '2016-04-28 18:00:00', 1, 0.21, '2016-04-28 20:04:03'),
(11, '2016-04-28 18:02:03', 1, 0.21, '2016-04-28 20:34:49'),
(9, '2016-04-28 18:04:01', 1, 1.12955, '2016-04-28 20:04:03'),
(3, '2016-04-28 18:04:02', 1, 17796.6, '2016-04-28 20:04:02'),
(4, '2016-04-28 18:04:02', 1, 4796.32, '2016-04-28 20:04:02'),
(22, '2016-04-28 18:04:03', 1, 2071.62, '2016-04-28 20:04:04'),
(3, '2016-04-28 18:20:00', 1, 17796.6, '2016-04-28 20:34:48'),
(22, '2016-04-28 18:20:00', 1, 2071.62, '2016-04-28 20:34:49'),
(4, '2016-04-28 18:34:48', 1, 4796.32, '2016-04-28 20:34:48'),
(4, '2016-04-28 18:35:28', 1, 4796.32, '2016-04-28 20:35:29'),
(3, '2016-04-28 18:37:19', 1, 17796.6, '2016-04-28 22:04:02'),
(22, '2016-04-28 18:37:19', 1, 2071.62, '2016-04-28 22:04:04'),
(4, '2016-04-28 19:15:59', 1, 4796.32, '2016-04-28 22:04:02'),
(12, '2016-04-28 23:49:02', 1, 21023.8, '2016-04-29 02:04:03'),
(12, '2016-04-29 01:49:04', 1, 21023.8, '2016-04-29 04:04:07'),
(12, '2016-04-29 03:49:02', 1, 21023.8, '2016-04-29 06:04:03'),
(25, '2016-04-29 05:47:59', 1, 9134.5, '2016-04-29 08:04:04'),
(6, '2016-04-29 05:48:00', 1, 4482.42, '2016-04-29 08:04:02'),
(9, '2016-04-29 05:48:00', 1, 3074.25, '2016-04-29 08:04:03'),
(12, '2016-04-29 05:48:02', 1, 21023.8, '2016-04-29 08:04:03'),
(20, '2016-04-29 05:48:02', 1, 444.32, '2016-04-29 08:04:04'),
(5, '2016-04-29 05:48:03', 1, 10170.8, '2016-04-29 08:04:02'),
(7, '2016-04-29 05:48:03', 1, 10170.8, '2016-04-29 08:04:02'),
(19, '2016-04-29 05:48:05', 1, 6255.63, '2016-04-29 08:04:03'),
(12, '2016-04-29 06:01:22', 1, 21023.8, '2016-04-29 10:04:03'),
(8, '2016-04-29 06:03:01', 1, 18773.6, '2016-04-29 08:04:03'),
(25, '2016-04-29 07:48:57', 1, 9122.7, '2016-04-29 10:04:04'),
(6, '2016-04-29 07:49:00', 1, 4482.42, '2016-04-29 10:04:03'),
(9, '2016-04-29 07:49:00', 1, 3074.25, '2016-04-29 10:04:03'),
(20, '2016-04-29 07:49:00', 1, 444.3, '2016-04-29 10:04:04'),
(5, '2016-04-29 07:49:03', 1, 10170.8, '2016-04-29 10:04:03'),
(7, '2016-04-29 07:49:03', 1, 10170.8, '2016-04-29 10:04:03'),
(19, '2016-04-29 07:49:03', 1, 6255.63, '2016-04-29 10:04:04'),
(8, '2016-04-29 08:03:58', 1, 18773.6, '2016-04-29 10:04:03'),
(25, '2016-04-29 09:48:56', 1, 9093.9, '2016-04-29 12:04:04'),
(6, '2016-04-29 09:49:00', 1, 4472.17, '2016-04-29 12:04:02'),
(9, '2016-04-29 09:49:00', 1, 3065.74, '2016-04-29 12:04:03'),
(20, '2016-04-29 09:49:00', 1, 443.79, '2016-04-29 12:04:03'),
(19, '2016-04-29 09:49:02', 1, 6255.63, '2016-04-29 12:04:03'),
(5, '2016-04-29 09:49:03', 1, 10170.8, '2016-04-29 12:04:02'),
(7, '2016-04-29 09:49:03', 1, 10170.8, '2016-04-29 12:04:03'),
(8, '2016-04-29 10:03:56', 1, 18773.6, '2016-04-29 12:04:03'),
(25, '2016-04-29 11:47:45', 1, 9072.1, '2016-04-29 14:04:05'),
(6, '2016-04-29 11:48:00', 1, 4456.08, '2016-04-29 14:04:03'),
(9, '2016-04-29 11:48:00', 1, 3048.23, '2016-04-29 14:04:04'),
(19, '2016-04-29 11:48:01', 1, 6255.63, '2016-04-29 14:04:04'),
(20, '2016-04-29 11:48:01', 1, 438.35, '2016-04-29 14:04:04'),
(5, '2016-04-29 11:48:02', 1, 10082.8, '2016-04-29 14:04:03'),
(7, '2016-04-29 11:48:02', 1, 10082.8, '2016-04-29 14:04:03'),
(8, '2016-04-29 12:03:00', 1, 18716, '2016-04-29 14:04:03'),
(11, '2016-04-29 12:03:24', 1, 0.2, '2016-04-29 14:04:04'),
(3, '2016-04-29 12:04:03', 1, 17696.6, '2016-04-29 14:04:03'),
(4, '2016-04-29 12:04:03', 1, 4769.75, '2016-04-29 14:04:03'),
(22, '2016-04-29 12:04:05', 1, 2060.08, '2016-04-29 14:04:05'),
(8, '2016-04-29 13:29:55', 1, 18625.1, '2016-04-29 16:04:03'),
(19, '2016-04-29 13:29:58', 1, 6241.97, '2016-04-29 16:04:04'),
(19, '2016-04-29 13:35:29', 1, 6241.89, '2016-04-29 18:04:04'),
(8, '2016-04-29 13:35:59', 1, 18600.6, '2016-05-01 04:04:02'),
(25, '2016-04-29 13:38:00', 1, 9025.7, '2016-04-29 16:04:05'),
(5, '2016-04-29 13:45:00', 1, 10039.4, '2016-04-29 16:04:03'),
(7, '2016-04-29 13:45:00', 1, 10039.4, '2016-04-29 16:04:03'),
(6, '2016-04-29 13:49:00', 1, 4438.78, '2016-04-29 16:04:03'),
(9, '2016-04-29 13:49:00', 1, 3028.21, '2016-04-29 16:04:03'),
(20, '2016-04-29 13:49:00', 1, 436.05, '2016-04-29 16:04:04'),
(9, '2016-04-29 13:50:00', 1, 3028.21, '2016-04-29 18:04:03'),
(11, '2016-04-29 13:53:53', 1, 0.19, '2016-04-29 16:04:04'),
(3, '2016-04-29 14:04:02', 1, 17652, '2016-04-29 16:04:03'),
(4, '2016-04-29 14:04:02', 1, 4740.84, '2016-04-29 16:04:03'),
(22, '2016-04-29 14:04:04', 1, 2052.61, '2016-04-29 16:04:04'),
(6, '2016-04-29 14:05:01', 1, 4438.78, '2016-04-29 18:04:03'),
(20, '2016-04-29 15:48:14', 1, 436.05, '2016-04-29 18:04:04'),
(11, '2016-04-29 16:02:24', 1, 0.19, '2016-04-29 18:04:03'),
(3, '2016-04-29 16:04:02', 1, 17652, '2016-04-29 18:04:03'),
(4, '2016-04-29 16:04:02', 1, 4740.84, '2016-04-29 18:04:03'),
(22, '2016-04-29 16:04:04', 1, 2052.61, '2016-04-29 18:04:04'),
(20, '2016-04-29 17:48:56', 1, 435.6, '2016-04-29 20:04:04'),
(20, '2016-04-29 17:59:57', 1, 435.6, '2016-04-29 22:04:04'),
(11, '2016-04-29 18:00:00', 1, 0.19, '2016-04-29 20:04:03'),
(11, '2016-04-29 18:02:29', 1, 0.188, '2016-04-29 22:04:03'),
(3, '2016-04-29 18:04:02', 1, 17652, '2016-04-29 20:04:03'),
(4, '2016-04-29 18:04:02', 1, 4740.84, '2016-04-29 20:04:03'),
(22, '2016-04-29 18:04:04', 1, 2052.28, '2016-04-29 20:04:04'),
(3, '2016-04-29 18:40:49', 1, 17652, '2016-04-29 22:04:02'),
(22, '2016-04-29 18:40:49', 1, 2052.28, '2016-04-29 22:04:04'),
(4, '2016-04-29 19:15:59', 1, 4740.84, '2016-04-29 22:04:02'),
(10, '2016-05-01 23:44:00', 1, 15975.5, '2016-05-02 02:04:03'),
(10, '2016-05-02 01:44:00', 1, 15975.5, '2016-05-02 04:04:03'),
(10, '2016-05-02 03:44:00', 1, 15975.5, '2016-05-02 06:04:03'),
(10, '2016-05-02 04:00:01', 1, 15975.5, '2016-05-02 08:04:03'),
(6, '2016-05-02 05:48:45', 1, 4429.47, '2016-05-02 08:04:02'),
(9, '2016-05-02 05:48:45', 1, 3019.96, '2016-05-02 08:04:03'),
(20, '2016-05-02 05:48:47', 1, 439.37, '2016-05-02 08:04:03'),
(25, '2016-05-02 05:48:53', 1, 8980.8, '2016-05-02 08:04:04'),
(5, '2016-05-02 05:48:59', 1, 10066.3, '2016-05-02 08:04:02'),
(7, '2016-05-02 05:48:59', 1, 10066.3, '2016-05-02 08:04:02'),
(8, '2016-05-02 06:03:57', 1, 18271.4, '2016-05-02 08:04:02'),
(10, '2016-04-06 04:00:01', 2, 0, '2016-04-06 21:55:19'),
(12, '2016-04-06 06:01:20', 2, 20249.8, '2016-04-06 21:55:19'),
(8, '2016-04-06 13:35:56', 2, 17388, '2016-04-06 21:55:18'),
(7, '2016-04-06 13:38:01', 2, 8468.9, '2016-04-06 21:55:18'),
(6, '2016-04-06 14:05:01', 2, 4280.45, '2016-04-06 21:24:30'),
(11, '2016-04-06 18:10:00', 2, 0.64, '2016-04-06 21:55:19'),
(3, '2016-04-06 18:35:18', 2, 17723.6, '2016-04-06 21:24:30'),
(4, '2016-04-06 19:15:59', 2, 4921.51, '2016-04-06 21:55:18'),
(9, '2016-04-06 19:54:38', 2, 1.1432, '2016-04-06 21:55:19'),
(9, '2016-04-06 19:54:41', 2, 1.1432, '2016-04-06 21:55:25'),
(9, '2016-04-06 19:55:00', 2, 1.1432, '2016-04-06 21:59:41'),
(10, '2016-04-08 04:00:01', 2, 16027.6, '2016-04-08 19:01:24'),
(12, '2016-04-08 06:00:44', 2, 20370.4, '2016-04-08 19:01:25'),
(12, '2016-04-08 06:01:22', 2, 20370.4, '2016-04-09 18:34:18'),
(8, '2016-04-08 13:30:00', 2, 17509.2, '2016-04-08 19:01:24'),
(8, '2016-04-08 13:35:55', 2, 17509.2, '2016-04-09 18:34:16'),
(7, '2016-04-08 13:38:00', 2, 8462.3, '2016-04-08 19:01:23'),
(6, '2016-04-08 14:05:01', 2, 4315.19, '2016-04-08 19:01:23'),
(11, '2016-04-08 16:47:55', 2, 0.67, '2016-04-08 19:01:24'),
(9, '2016-04-08 17:00:39', 2, 1.1425, '2016-04-08 19:01:24'),
(3, '2016-04-08 17:00:40', 2, 17694.5, '2016-04-08 19:01:22'),
(4, '2016-04-08 17:00:40', 2, 4892.6, '2016-04-08 19:01:23'),
(3, '2016-04-08 18:49:26', 2, 17694.5, '2016-04-09 18:34:12'),
(4, '2016-04-08 19:15:59', 2, 4892.6, '2016-04-09 18:34:14'),
(11, '2016-04-08 22:00:00', 2, 0.67, '2016-04-09 18:34:17'),
(9, '2016-04-09 09:53:12', 2, 1.1402, '2016-04-09 18:34:17'),
(9, '2016-04-10 16:42:15', 2, 1.1402, '2016-04-10 18:43:15'),
(10, '2016-04-11 04:00:01', 2, 15778.7, '2016-04-11 18:24:10'),
(12, '2016-04-11 06:01:22', 2, 20550.9, '2016-04-11 18:24:11'),
(8, '2016-04-11 13:35:57', 2, 17855.8, '2016-04-11 18:24:10'),
(7, '2016-04-11 13:38:01', 2, 8563.4, '2016-04-11 18:24:09'),
(6, '2016-04-11 14:05:01', 2, 4338.81, '2016-04-11 18:24:09'),
(11, '2016-04-11 16:23:30', 2, 0.74, '2016-04-11 18:24:10'),
(3, '2016-04-11 16:24:09', 2, 17731.6, '2016-04-11 18:24:09'),
(4, '2016-04-11 16:24:09', 2, 4897.55, '2016-04-11 18:24:09'),
(9, '2016-04-11 16:24:10', 2, 1.14465, '2016-04-11 18:24:10'),
(10, '2016-04-25 04:00:01', 2, 17613.6, '2016-04-25 17:58:26'),
(12, '2016-04-25 06:01:20', 2, 21430.6, '2016-04-25 17:58:26'),
(8, '2016-04-25 13:35:58', 2, 18744.2, '2016-04-25 17:58:26'),
(7, '2016-04-25 13:38:01', 2, 9257.5, '2016-04-25 17:58:26'),
(6, '2016-04-25 14:05:01', 2, 4574.46, '2016-04-25 17:58:26'),
(11, '2016-04-25 15:57:48', 2, 0.2435, '2016-04-25 17:58:26'),
(9, '2016-04-25 15:58:20', 2, 1.12785, '2016-04-25 17:58:26'),
(3, '2016-04-25 15:58:25', 2, 17990.9, '2016-04-25 17:58:25'),
(4, '2016-04-25 15:58:25', 2, 4904.87, '2016-04-25 17:58:26'),
(11, '2016-04-25 17:28:59', 2, 0.2435, '2016-04-25 19:30:09'),
(9, '2016-04-25 17:30:03', 2, 1.128, '2016-04-25 19:30:09'),
(3, '2016-04-25 17:30:08', 2, 17990.9, '2016-04-25 19:30:08'),
(4, '2016-04-25 17:30:08', 2, 4904.87, '2016-04-25 19:30:08'),
(11, '2016-04-25 18:02:49', 2, 0.2435, '2016-04-26 04:48:39'),
(3, '2016-04-25 18:38:35', 2, 17990.9, '2016-04-26 04:48:38'),
(4, '2016-04-25 19:15:59', 2, 4904.87, '2016-04-26 04:48:38'),
(12, '2016-04-26 02:05:00', 2, 21413.4, '2016-04-26 04:48:39'),
(10, '2016-04-26 02:28:30', 2, 17426, '2016-04-26 04:48:39'),
(9, '2016-04-26 02:48:35', 2, 1.12765, '2016-04-26 04:48:39'),
(10, '2016-04-26 03:30:30', 2, 17426, '2016-04-26 05:50:35'),
(12, '2016-04-26 03:35:32', 2, 21413.4, '2016-04-26 05:50:35'),
(9, '2016-04-26 03:50:33', 2, 1.12765, '2016-04-26 05:50:35'),
(10, '2016-04-26 04:00:01', 2, 17426, '2016-04-26 14:04:03'),
(12, '2016-04-26 06:01:22', 2, 21419.9, '2016-04-26 14:04:03'),
(7, '2016-04-26 11:47:54', 2, 9285.8, '2016-04-26 14:04:03'),
(6, '2016-04-26 11:48:00', 2, 4579.12, '2016-04-26 14:04:02'),
(8, '2016-04-26 12:02:59', 2, 18763.6, '2016-04-26 14:04:03'),
(11, '2016-04-26 12:02:59', 2, 0.2435, '2016-04-26 14:04:03'),
(9, '2016-04-26 12:03:02', 2, 1.13385, '2016-04-26 14:04:03'),
(3, '2016-04-26 12:04:02', 2, 18043.8, '2016-04-26 14:04:02'),
(4, '2016-04-26 12:04:02', 2, 4915, '2016-04-26 14:04:02'),
(8, '2016-04-26 13:30:00', 2, 18763.6, '2016-04-26 16:04:04'),
(7, '2016-04-26 13:38:00', 2, 9299.5, '2016-04-26 16:04:03'),
(6, '2016-04-26 13:49:00', 2, 4579.12, '2016-04-26 16:04:03'),
(11, '2016-04-26 14:02:26', 2, 0.2435, '2016-04-26 16:04:04'),
(3, '2016-04-26 14:04:02', 2, 18043.8, '2016-04-26 16:04:03'),
(9, '2016-04-26 14:04:02', 2, 1.1345, '2016-04-26 16:04:04'),
(4, '2016-04-26 14:04:03', 2, 4915, '2016-04-26 16:04:03'),
(6, '2016-04-26 14:05:01', 2, 4579.12, '2016-04-26 18:04:02'),
(11, '2016-04-26 16:02:05', 2, 0.235, '2016-04-26 18:04:03'),
(3, '2016-04-26 16:04:02', 2, 18043.8, '2016-04-26 18:04:02'),
(4, '2016-04-26 16:04:02', 2, 4915, '2016-04-26 18:04:02'),
(9, '2016-04-26 16:04:02', 2, 1.1345, '2016-04-26 18:04:03'),
(11, '2016-04-26 18:02:03', 2, 0.235, '2016-04-26 20:04:03'),
(9, '2016-04-26 18:03:59', 2, 1.1345, '2016-04-26 20:04:03'),
(3, '2016-04-26 18:04:02', 2, 18043.8, '2016-04-26 20:04:03'),
(4, '2016-04-26 18:04:02', 2, 4915, '2016-04-26 20:04:03'),
(3, '2016-04-26 18:46:36', 2, 18043.8, '2016-04-26 22:04:02'),
(4, '2016-04-26 19:15:59', 2, 4915, '2016-04-26 22:04:02'),
(9, '2016-04-26 20:03:50', 2, 1.12985, '2016-04-26 22:04:03'),
(9, '2016-04-26 22:03:58', 2, 1.1302, '2016-04-27 00:04:04'),
(10, '2016-04-26 23:44:00', 2, 17417.5, '2016-04-27 02:04:03'),
(12, '2016-04-26 23:49:00', 2, 21394.2, '2016-04-27 02:04:03'),
(9, '2016-04-27 00:04:01', 2, 1.13105, '2016-04-27 02:04:03'),
(10, '2016-04-27 01:44:00', 2, 17417.5, '2016-04-27 04:04:03'),
(12, '2016-04-27 01:49:02', 2, 21442.5, '2016-04-27 04:04:03'),
(9, '2016-04-27 02:04:02', 2, 1.1314, '2016-04-27 04:04:03'),
(10, '2016-04-27 03:44:00', 2, 17417.5, '2016-04-27 06:04:02'),
(12, '2016-04-27 03:49:00', 2, 21442.5, '2016-04-27 06:04:03'),
(10, '2016-04-27 04:00:01', 2, 17417.5, '2016-04-27 08:04:03'),
(9, '2016-04-27 04:04:01', 2, 1.1314, '2016-04-27 06:04:02'),
(6, '2016-04-27 05:48:45', 2, 4551.24, '2016-04-27 08:04:03'),
(7, '2016-04-27 05:48:49', 2, 9355.5, '2016-04-27 08:04:03'),
(12, '2016-04-27 05:48:52', 2, 21442.5, '2016-04-27 08:04:03'),
(12, '2016-04-27 06:01:22', 2, 21442.5, '2016-04-27 10:04:03'),
(8, '2016-04-27 06:03:50', 2, 18760.2, '2016-04-27 08:04:03'),
(9, '2016-04-27 06:03:53', 2, 1.13345, '2016-04-27 08:04:03'),
(7, '2016-04-27 07:48:59', 2, 9360.2, '2016-04-27 10:04:03'),
(6, '2016-04-27 07:49:00', 2, 4551.24, '2016-04-27 10:04:03'),
(8, '2016-04-27 08:03:59', 2, 18760.2, '2016-04-27 10:04:03'),
(9, '2016-04-27 08:04:02', 2, 1.1335, '2016-04-27 10:04:03'),
(7, '2016-04-27 09:48:56', 2, 9360.2, '2016-04-27 12:04:04'),
(6, '2016-04-27 09:49:00', 2, 4551.24, '2016-04-27 12:04:03'),
(8, '2016-04-27 10:04:02', 2, 18760.2, '2016-04-27 12:04:04'),
(9, '2016-04-27 10:04:03', 2, 1.1335, '2016-04-27 12:04:04'),
(7, '2016-04-27 11:47:54', 2, 9360.2, '2016-04-27 14:04:03'),
(6, '2016-04-27 11:48:00', 2, 4555.37, '2016-04-27 14:04:03'),
(11, '2016-04-27 11:56:49', 2, 0.23, '2016-04-27 14:04:03'),
(8, '2016-04-27 12:02:50', 2, 18776.5, '2016-04-27 14:04:03'),
(9, '2016-04-27 12:03:01', 2, 1.1335, '2016-04-27 14:04:03'),
(3, '2016-04-27 12:04:02', 2, 17996.1, '2016-04-27 14:04:02'),
(4, '2016-04-27 12:04:02', 2, 4867.33, '2016-04-27 14:04:03'),
(8, '2016-04-27 13:29:58', 2, 18776.5, '2016-04-27 16:04:03'),
(19, '2016-04-27 13:35:29', 2, 6319.91, '2016-04-27 19:08:09'),
(7, '2016-04-27 13:38:01', 2, 9360.2, '2016-04-27 16:04:03'),
(5, '2016-04-27 13:45:00', 2, 10323.2, '2016-04-27 19:08:08'),
(6, '2016-04-27 13:49:00', 2, 4564.7, '2016-04-27 16:04:03'),
(11, '2016-04-27 13:58:59', 2, 0.23, '2016-04-27 16:04:03'),
(3, '2016-04-27 14:04:02', 2, 18018.8, '2016-04-27 16:04:02'),
(4, '2016-04-27 14:04:02', 2, 4867.33, '2016-04-27 16:04:02'),
(9, '2016-04-27 14:04:03', 2, 1.1335, '2016-04-27 16:04:03'),
(6, '2016-04-27 14:05:01', 2, 4564.7, '2016-04-27 18:04:03'),
(11, '2016-04-27 16:03:37', 2, 0.23, '2016-04-27 18:04:03'),
(3, '2016-04-27 16:04:02', 2, 18035.5, '2016-04-27 18:04:03'),
(4, '2016-04-27 16:04:02', 2, 4867.33, '2016-04-27 18:04:03'),
(9, '2016-04-27 16:04:02', 2, 1.13435, '2016-04-27 18:04:03'),
(20, '2016-04-27 16:53:04', 2, 446.55, '2016-04-27 19:08:09'),
(11, '2016-04-27 17:07:47', 2, 0.23, '2016-04-27 19:08:08'),
(9, '2016-04-27 17:08:06', 2, 1.13625, '2016-04-27 19:08:08'),
(3, '2016-04-27 17:08:08', 2, 18068.2, '2016-04-27 19:08:08'),
(4, '2016-04-27 17:08:08', 2, 4867.33, '2016-04-27 19:08:08'),
(22, '2016-04-27 17:08:09', 2, 2096.16, '2016-04-27 19:08:09'),
(20, '2016-04-27 17:48:55', 2, 446.8, '2016-04-27 20:04:03'),
(20, '2016-04-27 17:59:57', 2, 446.8, '2016-04-27 22:04:04'),
(11, '2016-04-27 18:00:00', 2, 0.23, '2016-04-27 20:04:03'),
(11, '2016-04-27 18:02:02', 2, 0.23, '2016-04-27 22:04:03'),
(3, '2016-04-27 18:04:02', 2, 18084.7, '2016-04-27 20:04:02'),
(4, '2016-04-27 18:04:02', 2, 4872.91, '2016-04-27 20:04:02'),
(9, '2016-04-27 18:04:02', 2, 1.13625, '2016-04-27 20:04:03'),
(22, '2016-04-27 18:04:03', 2, 2099.89, '2016-04-27 20:04:04'),
(3, '2016-04-27 18:37:09', 2, 18084.7, '2016-04-27 22:04:03'),
(22, '2016-04-27 18:37:09', 2, 2099.89, '2016-04-27 22:04:04'),
(4, '2016-04-27 19:15:59', 2, 4872.91, '2016-04-27 22:04:03'),
(9, '2016-04-27 20:04:00', 2, 1.13275, '2016-04-27 22:04:03'),
(9, '2016-04-27 22:03:58', 2, 1.13305, '2016-04-28 00:04:03'),
(10, '2016-04-27 23:44:00', 2, 17533.2, '2016-04-28 02:04:03'),
(12, '2016-04-27 23:49:00', 2, 21591.9, '2016-04-28 02:04:03'),
(9, '2016-04-28 00:04:02', 2, 1.13305, '2016-04-28 02:04:03'),
(10, '2016-04-28 01:44:00', 2, 17572.3, '2016-04-28 04:04:03'),
(12, '2016-04-28 01:49:02', 2, 21654.1, '2016-04-28 04:04:03'),
(9, '2016-04-28 02:04:01', 2, 1.1344, '2016-04-28 04:04:03'),
(10, '2016-04-28 03:44:00', 2, 17572.3, '2016-04-28 06:04:05'),
(12, '2016-04-28 03:49:02', 2, 21654.1, '2016-04-28 06:04:05'),
(10, '2016-04-28 04:00:01', 2, 17572.3, '2016-04-28 08:04:03'),
(9, '2016-04-28 04:04:03', 2, 1.1345, '2016-04-28 06:04:05'),
(7, '2016-04-28 05:47:58', 2, 9237.9, '2016-04-28 08:04:03'),
(6, '2016-04-28 05:48:00', 2, 4539.62, '2016-04-28 08:04:03'),
(20, '2016-04-28 05:48:01', 2, 447.44, '2016-04-28 08:04:04'),
(12, '2016-04-28 05:48:02', 2, 21654.1, '2016-04-28 08:04:03'),
(5, '2016-04-28 05:48:03', 2, 10288.2, '2016-04-28 08:04:03'),
(19, '2016-04-28 05:48:03', 2, 6319.91, '2016-04-28 08:04:04'),
(12, '2016-04-28 06:01:22', 2, 21654.1, '2016-04-28 10:04:03'),
(8, '2016-04-28 06:03:01', 2, 18770.3, '2016-04-28 08:04:03'),
(9, '2016-04-28 06:03:02', 2, 1.13695, '2016-04-28 08:04:03'),
(7, '2016-04-28 07:48:59', 2, 9237.9, '2016-04-28 10:04:03'),
(6, '2016-04-28 07:49:00', 2, 4539.62, '2016-04-28 10:04:03'),
(20, '2016-04-28 07:49:00', 2, 447.44, '2016-04-28 10:04:04'),
(19, '2016-04-28 07:49:01', 2, 6319.91, '2016-04-28 10:04:04'),
(5, '2016-04-28 07:49:02', 2, 10288.2, '2016-04-28 10:04:03'),
(9, '2016-04-28 08:03:58', 2, 1.13695, '2016-04-28 10:04:03'),
(8, '2016-04-28 08:03:59', 2, 18770.3, '2016-04-28 10:04:03'),
(7, '2016-04-28 09:48:54', 2, 9237.9, '2016-04-28 12:04:03'),
(6, '2016-04-28 09:49:00', 2, 4539.62, '2016-04-28 12:04:03'),
(20, '2016-04-28 09:49:00', 2, 447.44, '2016-04-28 12:04:04'),
(19, '2016-04-28 09:49:01', 2, 6319.91, '2016-04-28 12:04:04'),
(5, '2016-04-28 09:49:03', 2, 10288.2, '2016-04-28 12:04:03'),
(8, '2016-04-28 10:03:59', 2, 18770.3, '2016-04-28 12:04:03'),
(9, '2016-04-28 10:04:02', 2, 1.13695, '2016-04-28 12:04:03'),
(7, '2016-04-28 11:47:49', 2, 9237.9, '2016-04-28 14:04:03'),
(20, '2016-04-28 11:47:59', 2, 447.61, '2016-04-28 14:04:04'),
(6, '2016-04-28 11:48:00', 2, 4539.62, '2016-04-28 14:04:03'),
(5, '2016-04-28 11:48:03', 2, 10288.2, '2016-04-28 14:04:02'),
(19, '2016-04-28 11:48:04', 2, 6319.91, '2016-04-28 14:04:04'),
(11, '2016-04-28 12:02:56', 2, 0.2203, '2016-04-28 14:04:03'),
(8, '2016-04-28 12:03:00', 2, 18861, '2016-04-28 14:04:03'),
(9, '2016-04-28 12:03:02', 2, 1.13695, '2016-04-28 14:04:03'),
(3, '2016-04-28 12:04:02', 2, 18028.6, '2016-04-28 14:04:02'),
(4, '2016-04-28 12:04:02', 2, 4878.32, '2016-04-28 14:04:02'),
(22, '2016-04-28 12:04:03', 2, 2094.5, '2016-04-28 14:04:04'),
(8, '2016-04-28 13:29:59', 2, 19021.8, '2016-04-28 16:04:03'),
(19, '2016-04-28 13:29:59', 2, 6320.4, '2016-04-28 16:04:03'),
(19, '2016-04-28 13:35:29', 2, 6322.4, '2016-04-28 18:04:04'),
(7, '2016-04-28 13:38:00', 2, 9269, '2016-04-28 16:04:03'),
(25, '2016-04-28 13:38:00', 2, 9269, '2016-04-28 20:34:49'),
(5, '2016-04-28 13:45:00', 2, 10331.9, '2016-04-28 16:04:02'),
(7, '2016-04-28 13:45:00', 2, 10331.9, '2016-04-28 20:34:48'),
(6, '2016-04-28 13:49:00', 2, 4557.36, '2016-04-28 16:04:02'),
(20, '2016-04-28 13:49:00', 2, 450.83, '2016-04-28 16:04:03'),
(9, '2016-04-28 13:50:00', 2, 3126.4, '2016-04-28 20:34:48'),
(11, '2016-04-28 13:52:20', 2, 0.2203, '2016-04-28 16:04:03'),
(3, '2016-04-28 14:04:02', 2, 18035.7, '2016-04-28 16:04:02'),
(4, '2016-04-28 14:04:02', 2, 4889.16, '2016-04-28 16:04:02'),
(9, '2016-04-28 14:04:02', 2, 1.13695, '2016-04-28 16:04:03'),
(22, '2016-04-28 14:04:03', 2, 2099.3, '2016-04-28 16:04:04'),
(6, '2016-04-28 14:05:01', 2, 4557.36, '2016-04-28 18:04:03'),
(20, '2016-04-28 15:45:18', 2, 450.83, '2016-04-28 18:04:04'),
(11, '2016-04-28 16:02:16', 2, 0.225, '2016-04-28 18:04:03'),
(3, '2016-04-28 16:04:02', 2, 18035.7, '2016-04-28 18:04:02'),
(4, '2016-04-28 16:04:02', 2, 4889.16, '2016-04-28 18:04:02'),
(9, '2016-04-28 16:04:02', 2, 1.13695, '2016-04-28 18:04:03'),
(22, '2016-04-28 16:04:04', 2, 2099.3, '2016-04-28 18:04:04'),
(20, '2016-04-28 17:48:57', 2, 450.83, '2016-04-28 20:04:04'),
(20, '2016-04-28 17:59:57', 2, 450.83, '2016-04-28 20:34:49'),
(11, '2016-04-28 18:00:00', 2, 0.225, '2016-04-28 20:04:03'),
(11, '2016-04-28 18:02:03', 2, 0.225, '2016-04-28 20:34:49'),
(9, '2016-04-28 18:04:01', 2, 1.13695, '2016-04-28 20:04:03'),
(3, '2016-04-28 18:04:02', 2, 18035.7, '2016-04-28 20:04:02'),
(4, '2016-04-28 18:04:02', 2, 4889.16, '2016-04-28 20:04:02'),
(22, '2016-04-28 18:04:03', 2, 2099.3, '2016-04-28 20:04:04'),
(3, '2016-04-28 18:20:00', 2, 18035.7, '2016-04-28 20:34:48'),
(22, '2016-04-28 18:20:00', 2, 2099.29, '2016-04-28 20:34:49'),
(4, '2016-04-28 18:34:48', 2, 4889.16, '2016-04-28 20:34:48'),
(4, '2016-04-28 18:35:28', 2, 4889.16, '2016-04-28 20:35:29'),
(3, '2016-04-28 18:37:19', 2, 18035.7, '2016-04-28 22:04:02'),
(22, '2016-04-28 18:37:19', 2, 2099.29, '2016-04-28 22:04:04'),
(4, '2016-04-28 19:15:59', 2, 4889.16, '2016-04-28 22:04:02'),
(12, '2016-04-28 23:49:02', 2, 21235.4, '2016-04-29 02:04:03'),
(12, '2016-04-29 01:49:04', 2, 21235.4, '2016-04-29 04:04:07'),
(12, '2016-04-29 03:49:02', 2, 21235.4, '2016-04-29 06:04:03'),
(25, '2016-04-29 05:47:59', 2, 9195.9, '2016-04-29 08:04:04'),
(6, '2016-04-29 05:48:00', 2, 4508.83, '2016-04-29 08:04:02'),
(9, '2016-04-29 05:48:00', 2, 3106.17, '2016-04-29 08:04:03'),
(12, '2016-04-29 05:48:02', 2, 21235.4, '2016-04-29 08:04:03'),
(20, '2016-04-29 05:48:02', 2, 446.42, '2016-04-29 08:04:04'),
(5, '2016-04-29 05:48:03', 2, 10252.1, '2016-04-29 08:04:02'),
(7, '2016-04-29 05:48:03', 2, 10252.1, '2016-04-29 08:04:02'),
(19, '2016-04-29 05:48:05', 2, 6322.4, '2016-04-29 08:04:03'),
(12, '2016-04-29 06:01:22', 2, 21235.4, '2016-04-29 10:04:03'),
(8, '2016-04-29 06:03:01', 2, 18922.2, '2016-04-29 08:04:03'),
(25, '2016-04-29 07:48:57', 2, 9195.9, '2016-04-29 10:04:04'),
(6, '2016-04-29 07:49:00', 2, 4508.83, '2016-04-29 10:04:03'),
(9, '2016-04-29 07:49:00', 2, 3106.17, '2016-04-29 10:04:03'),
(20, '2016-04-29 07:49:00', 2, 446.42, '2016-04-29 10:04:04'),
(5, '2016-04-29 07:49:03', 2, 10252.1, '2016-04-29 10:04:03'),
(7, '2016-04-29 07:49:03', 2, 10252.1, '2016-04-29 10:04:03'),
(19, '2016-04-29 07:49:03', 2, 6322.4, '2016-04-29 10:04:04'),
(8, '2016-04-29 08:03:58', 2, 19062.8, '2016-04-29 10:04:03'),
(25, '2016-04-29 09:48:56', 2, 9195.9, '2016-04-29 12:04:04'),
(6, '2016-04-29 09:49:00', 2, 4508.83, '2016-04-29 12:04:02'),
(9, '2016-04-29 09:49:00', 2, 3106.17, '2016-04-29 12:04:03'),
(20, '2016-04-29 09:49:00', 2, 446.42, '2016-04-29 12:04:03'),
(19, '2016-04-29 09:49:02', 2, 6322.4, '2016-04-29 12:04:03'),
(5, '2016-04-29 09:49:03', 2, 10252.1, '2016-04-29 12:04:02'),
(7, '2016-04-29 09:49:03', 2, 10252.1, '2016-04-29 12:04:03'),
(8, '2016-04-29 10:03:56', 2, 19062.8, '2016-04-29 12:04:03'),
(25, '2016-04-29 11:47:45', 2, 9195.9, '2016-04-29 14:04:05'),
(6, '2016-04-29 11:48:00', 2, 4508.83, '2016-04-29 14:04:03'),
(9, '2016-04-29 11:48:00', 2, 3106.17, '2016-04-29 14:04:04'),
(19, '2016-04-29 11:48:01', 2, 6322.4, '2016-04-29 14:04:04'),
(20, '2016-04-29 11:48:01', 2, 446.42, '2016-04-29 14:04:04'),
(5, '2016-04-29 11:48:02', 2, 10252.1, '2016-04-29 14:04:03'),
(7, '2016-04-29 11:48:02', 2, 10252.1, '2016-04-29 14:04:03'),
(8, '2016-04-29 12:03:00', 2, 19062.8, '2016-04-29 14:04:03'),
(11, '2016-04-29 12:03:24', 2, 0.218, '2016-04-29 14:04:04'),
(3, '2016-04-29 12:04:03', 2, 17813.1, '2016-04-29 14:04:03'),
(4, '2016-04-29 12:04:03', 2, 4807.89, '2016-04-29 14:04:03'),
(22, '2016-04-29 12:04:05', 2, 2073.85, '2016-04-29 14:04:05'),
(8, '2016-04-29 13:29:55', 2, 19062.8, '2016-04-29 16:04:03'),
(19, '2016-04-29 13:29:58', 2, 6322.4, '2016-04-29 16:04:04'),
(19, '2016-04-29 13:35:29', 2, 6322.4, '2016-04-29 18:04:04'),
(8, '2016-04-29 13:35:59', 2, 19062.8, '2016-05-01 04:04:02'),
(25, '2016-04-29 13:38:00', 2, 9195.9, '2016-04-29 16:04:04'),
(5, '2016-04-29 13:45:00', 2, 10252.1, '2016-04-29 16:04:03'),
(7, '2016-04-29 13:45:00', 2, 10252.1, '2016-04-29 16:04:03'),
(6, '2016-04-29 13:49:00', 2, 4508.83, '2016-04-29 16:04:03'),
(9, '2016-04-29 13:49:00', 2, 3106.17, '2016-04-29 16:04:03'),
(20, '2016-04-29 13:49:00', 2, 446.42, '2016-04-29 16:04:04'),
(9, '2016-04-29 13:50:00', 2, 3106.17, '2016-04-29 18:04:03'),
(11, '2016-04-29 13:53:53', 2, 0.218, '2016-04-29 16:04:04'),
(3, '2016-04-29 14:04:02', 2, 17813.1, '2016-04-29 16:04:03'),
(4, '2016-04-29 14:04:02', 2, 4807.89, '2016-04-29 16:04:03'),
(22, '2016-04-29 14:04:04', 2, 2073.85, '2016-04-29 16:04:04'),
(6, '2016-04-29 14:05:01', 2, 4508.83, '2016-04-29 18:04:03'),
(20, '2016-04-29 15:48:14', 2, 446.42, '2016-04-29 18:04:04'),
(11, '2016-04-29 16:02:24', 2, 0.218, '2016-04-29 18:04:03'),
(3, '2016-04-29 16:04:02', 2, 17813.1, '2016-04-29 18:04:03'),
(4, '2016-04-29 16:04:02', 2, 4807.89, '2016-04-29 18:04:03'),
(22, '2016-04-29 16:04:04', 2, 2073.85, '2016-04-29 18:04:04'),
(20, '2016-04-29 17:48:56', 2, 446.42, '2016-04-29 20:04:04'),
(20, '2016-04-29 17:59:57', 2, 446.42, '2016-04-29 22:04:04'),
(11, '2016-04-29 18:00:00', 2, 0.218, '2016-04-29 20:04:03'),
(11, '2016-04-29 18:02:29', 2, 0.218, '2016-04-29 22:04:03'),
(3, '2016-04-29 18:04:02', 2, 17814.8, '2016-04-29 20:04:03'),
(4, '2016-04-29 18:04:02', 2, 4807.89, '2016-04-29 20:04:03'),
(22, '2016-04-29 18:04:04', 2, 2073.85, '2016-04-29 20:04:04'),
(3, '2016-04-29 18:40:49', 2, 17814.8, '2016-04-29 22:04:02'),
(22, '2016-04-29 18:40:49', 2, 2073.85, '2016-04-29 22:04:04'),
(4, '2016-04-29 19:15:59', 2, 4807.89, '2016-04-29 22:04:02'),
(10, '2016-05-01 23:44:00', 2, 16357.1, '2016-05-02 02:04:03'),
(10, '2016-05-02 01:44:00', 2, 16357.1, '2016-05-02 04:04:03'),
(10, '2016-05-02 03:44:00', 2, 16357.1, '2016-05-02 06:04:03'),
(10, '2016-05-02 04:00:01', 2, 16357.1, '2016-05-02 08:04:03'),
(6, '2016-05-02 05:48:45', 2, 4458.74, '2016-05-02 08:04:02'),
(9, '2016-05-02 05:48:45', 2, 3042.52, '2016-05-02 08:04:03'),
(20, '2016-05-02 05:48:47', 2, 441.58, '2016-05-02 08:04:03'),
(25, '2016-05-02 05:48:53', 2, 9084, '2016-05-02 08:04:04'),
(5, '2016-05-02 05:48:59', 2, 10111, '2016-05-02 08:04:02'),
(7, '2016-05-02 05:48:59', 2, 10111, '2016-05-02 08:04:02'),
(8, '2016-05-02 06:03:57', 2, 18689.5, '2016-05-02 08:04:02'),
(10, '2016-04-06 04:00:01', 5, 15715.4, '2016-04-06 21:55:19'),
(12, '2016-04-06 06:01:20', 5, 20221.3, '2016-04-06 21:55:19'),
(8, '2016-04-06 13:35:56', 5, 17240.9, '2016-04-06 21:55:19'),
(7, '2016-04-06 13:38:01', 5, 8398.6, '2016-04-06 21:55:18'),
(6, '2016-04-06 14:05:01', 5, 4284.64, '2016-04-06 21:24:31'),
(11, '2016-04-06 18:10:00', 5, 0.6305, '2016-04-06 21:55:19'),
(3, '2016-04-06 18:35:18', 5, 17716.1, '2016-04-06 21:24:30'),
(4, '2016-04-06 19:15:59', 5, 4920.72, '2016-04-06 21:55:18'),
(9, '2016-04-06 19:54:38', 5, 1.1395, '2016-04-06 21:55:19'),
(9, '2016-04-06 19:54:41', 5, 1.13965, '2016-04-06 21:55:25'),
(9, '2016-04-06 19:55:00', 5, 1.1397, '2016-04-06 21:59:41'),
(10, '2016-04-08 04:00:01', 5, 15821.5, '2016-04-08 19:01:24'),
(12, '2016-04-08 06:00:44', 5, 20370.4, '2016-04-08 19:01:25'),
(12, '2016-04-08 06:01:22', 5, 20370.4, '2016-04-09 18:34:18'),
(8, '2016-04-08 13:30:00', 5, 17486.7, '2016-04-08 19:01:24'),
(8, '2016-04-08 13:35:55', 5, 17504.6, '2016-04-09 18:34:16'),
(7, '2016-04-08 13:38:00', 5, 8427.6, '2016-04-08 19:01:24'),
(6, '2016-04-08 14:05:01', 5, 4303.12, '2016-04-08 19:01:23'),
(11, '2016-04-08 16:47:55', 5, 0.6389, '2016-04-08 19:01:24'),
(9, '2016-04-08 17:00:39', 5, 1.13985, '2016-04-08 19:01:24'),
(3, '2016-04-08 17:00:40', 5, 17579.4, '2016-04-08 19:01:23'),
(4, '2016-04-08 17:00:40', 5, 4848.83, '2016-04-08 19:01:23'),
(3, '2016-04-08 18:49:26', 5, 17577, '2016-04-09 18:34:14'),
(4, '2016-04-08 19:15:59', 5, 4850.69, '2016-04-09 18:34:15'),
(11, '2016-04-08 22:00:00', 5, 0.6496, '2016-04-09 18:34:18'),
(9, '2016-04-09 09:53:12', 5, 1.1402, '2016-04-09 18:34:17'),
(9, '2016-04-10 16:42:15', 5, 1.1402, '2016-04-10 18:43:15'),
(10, '2016-04-11 04:00:01', 5, 15751.1, '2016-04-11 18:24:10'),
(12, '2016-04-11 06:01:22', 5, 20440.8, '2016-04-11 18:24:11'),
(8, '2016-04-11 13:35:57', 5, 17722.7, '2016-04-11 18:24:10'),
(7, '2016-04-11 13:38:01', 5, 8497.6, '2016-04-11 18:24:09'),
(6, '2016-04-11 14:05:01', 5, 4312.63, '2016-04-11 18:24:09'),
(11, '2016-04-11 16:23:30', 5, 0.6914, '2016-04-11 18:24:10'),
(3, '2016-04-11 16:24:09', 5, 17656.3, '2016-04-11 18:24:09'),
(4, '2016-04-11 16:24:09', 5, 4866.68, '2016-04-11 18:24:09'),
(9, '2016-04-11 16:24:10', 5, 1.14095, '2016-04-11 18:24:10'),
(10, '2016-04-25 04:00:01', 5, 17439.3, '2016-04-25 17:58:26'),
(12, '2016-04-25 06:01:20', 5, 21308, '2016-04-25 17:58:26'),
(8, '2016-04-25 13:35:58', 5, 18403.2, '2016-04-25 17:58:26'),
(7, '2016-04-25 13:38:01', 5, 9140, '2016-04-25 17:58:26'),
(6, '2016-04-25 14:05:01', 5, 4546.12, '2016-04-25 17:58:26'),
(11, '2016-04-25 15:57:48', 5, 0.2201, '2016-04-25 17:58:26'),
(9, '2016-04-25 15:58:20', 5, 1.1276, '2016-04-25 17:58:26'),
(3, '2016-04-25 15:58:25', 5, 17945, '2016-04-25 17:58:26'),
(4, '2016-04-25 15:58:25', 5, 4891.3, '2016-04-25 17:58:26'),
(11, '2016-04-25 17:28:59', 5, 0.2235, '2016-04-25 19:30:09'),
(9, '2016-04-25 17:30:03', 5, 1.12637, '2016-04-25 19:30:09'),
(3, '2016-04-25 17:30:08', 5, 17936.2, '2016-04-25 19:30:08'),
(4, '2016-04-25 17:30:08', 5, 4884.68, '2016-04-25 19:30:08'),
(11, '2016-04-25 18:02:49', 5, 0.2261, '2016-04-26 04:48:39'),
(3, '2016-04-25 18:38:35', 5, 17977.2, '2016-04-26 04:48:38'),
(4, '2016-04-25 19:15:59', 5, 4895.79, '2016-04-26 04:48:38'),
(12, '2016-04-26 02:05:00', 5, 21131.3, '2016-04-26 04:48:39'),
(10, '2016-04-26 02:28:30', 5, 17252.6, '2016-04-26 04:48:39'),
(9, '2016-04-26 02:48:35', 5, 1.1264, '2016-04-26 04:48:39'),
(10, '2016-04-26 03:30:30', 5, 17355, '2016-04-26 05:50:35'),
(12, '2016-04-26 03:35:32', 5, 21154.8, '2016-04-26 05:50:35'),
(9, '2016-04-26 03:50:33', 5, 1.12636, '2016-04-26 05:50:35'),
(10, '2016-04-26 04:00:01', 5, 17353.3, '2016-04-26 14:04:03'),
(12, '2016-04-26 06:01:22', 5, 21407.3, '2016-04-26 14:04:03'),
(7, '2016-04-26 11:47:54', 5, 9273.6, '2016-04-26 14:04:03'),
(6, '2016-04-26 11:48:00', 5, 4533.02, '2016-04-26 14:04:02'),
(8, '2016-04-26 12:02:59', 5, 18664.1, '2016-04-26 14:04:03'),
(11, '2016-04-26 12:02:59', 5, 0.2242, '2016-04-26 14:04:03'),
(9, '2016-04-26 12:03:02', 5, 1.13361, '2016-04-26 14:04:03'),
(3, '2016-04-26 12:04:02', 5, 18032.9, '2016-04-26 14:04:02'),
(4, '2016-04-26 12:04:02', 5, 4910.96, '2016-04-26 14:04:02'),
(8, '2016-04-26 13:30:00', 5, 18692.2, '2016-04-26 16:04:04'),
(7, '2016-04-26 13:38:00', 5, 9283, '2016-04-26 16:04:03'),
(6, '2016-04-26 13:49:00', 5, 4533.18, '2016-04-26 16:04:03'),
(11, '2016-04-26 14:02:26', 5, 0.2199, '2016-04-26 16:04:04'),
(3, '2016-04-26 14:04:02', 5, 17991.7, '2016-04-26 16:04:03'),
(9, '2016-04-26 14:04:02', 5, 1.13155, '2016-04-26 16:04:04'),
(4, '2016-04-26 14:04:03', 5, 4893.31, '2016-04-26 16:04:03'),
(6, '2016-04-26 14:05:01', 5, 4533.18, '2016-04-26 18:04:02'),
(11, '2016-04-26 16:02:05', 5, 0.2153, '2016-04-26 18:04:03'),
(3, '2016-04-26 16:04:02', 5, 17963.8, '2016-04-26 18:04:02'),
(4, '2016-04-26 16:04:02', 5, 4885.68, '2016-04-26 18:04:02'),
(9, '2016-04-26 16:04:02', 5, 1.12895, '2016-04-26 18:04:03'),
(11, '2016-04-26 18:02:03', 5, 0.2245, '2016-04-26 20:04:03'),
(9, '2016-04-26 18:03:59', 5, 1.12891, '2016-04-26 20:04:03'),
(3, '2016-04-26 18:04:02', 5, 17990.3, '2016-04-26 20:04:03'),
(4, '2016-04-26 18:04:02', 5, 4888.31, '2016-04-26 20:04:03'),
(3, '2016-04-26 18:46:36', 5, 17990.3, '2016-04-26 22:04:02'),
(4, '2016-04-26 19:15:59', 5, 4888.28, '2016-04-26 22:04:02'),
(9, '2016-04-26 20:03:50', 5, 1.12985, '2016-04-26 22:04:03'),
(9, '2016-04-26 22:03:58', 5, 1.12976, '2016-04-27 00:04:04'),
(10, '2016-04-26 23:44:00', 5, 17248.1, '2016-04-27 02:04:03'),
(12, '2016-04-26 23:49:00', 5, 21353.7, '2016-04-27 02:04:03'),
(9, '2016-04-27 00:04:01', 5, 1.13034, '2016-04-27 02:04:03'),
(10, '2016-04-27 01:44:00', 5, 17251.2, '2016-04-27 04:04:03'),
(12, '2016-04-27 01:49:02', 5, 21343.8, '2016-04-27 04:04:03'),
(9, '2016-04-27 02:04:02', 5, 1.13048, '2016-04-27 04:04:03'),
(10, '2016-04-27 03:44:00', 5, 17288.3, '2016-04-27 06:04:02'),
(12, '2016-04-27 03:49:00', 5, 21330.9, '2016-04-27 06:04:03'),
(10, '2016-04-27 04:00:01', 5, 17290.5, '2016-04-27 08:04:03'),
(9, '2016-04-27 04:04:01', 5, 1.12975, '2016-04-27 06:04:02'),
(6, '2016-04-27 05:48:45', 5, 4530.69, '2016-04-27 08:04:03'),
(7, '2016-04-27 05:48:49', 5, 9335.8, '2016-04-27 08:04:03'),
(12, '2016-04-27 05:48:52', 5, 21322.3, '2016-04-27 08:04:03'),
(12, '2016-04-27 06:01:22', 5, 21361.6, '2016-04-27 10:04:03'),
(8, '2016-04-27 06:03:50', 5, 18699.4, '2016-04-27 08:04:03'),
(9, '2016-04-27 06:03:53', 5, 1.1328, '2016-04-27 08:04:03'),
(7, '2016-04-27 07:48:59', 5, 9341.3, '2016-04-27 10:04:03'),
(6, '2016-04-27 07:49:00', 5, 4542.09, '2016-04-27 10:04:03'),
(8, '2016-04-27 08:03:59', 5, 18653.9, '2016-04-27 10:04:03'),
(9, '2016-04-27 08:04:02', 5, 1.13105, '2016-04-27 10:04:03'),
(7, '2016-04-27 09:48:56', 5, 9318.6, '2016-04-27 12:04:04'),
(6, '2016-04-27 09:49:00', 5, 4546.7, '2016-04-27 12:04:04'),
(8, '2016-04-27 10:04:02', 5, 18685.3, '2016-04-27 12:04:04'),
(9, '2016-04-27 10:04:03', 5, 1.12961, '2016-04-27 12:04:04'),
(7, '2016-04-27 11:47:54', 5, 9336.2, '2016-04-27 14:04:03'),
(6, '2016-04-27 11:48:00', 5, 4553.18, '2016-04-27 14:04:03'),
(11, '2016-04-27 11:56:49', 5, 0.2169, '2016-04-27 14:04:03'),
(8, '2016-04-27 12:02:50', 5, 18776.9, '2016-04-27 14:04:03'),
(9, '2016-04-27 12:03:01', 5, 1.1315, '2016-04-27 14:04:03'),
(3, '2016-04-27 12:04:02', 5, 17976.7, '2016-04-27 14:04:02'),
(4, '2016-04-27 12:04:02', 5, 4851.97, '2016-04-27 14:04:03'),
(8, '2016-04-27 13:29:58', 5, 18728.4, '2016-04-27 16:04:03'),
(19, '2016-04-27 13:35:29', 5, 6319.91, '2016-04-27 19:08:09'),
(7, '2016-04-27 13:38:01', 5, 9332.6, '2016-04-27 16:04:03'),
(5, '2016-04-27 13:45:00', 5, 10299.8, '2016-04-27 19:08:08'),
(6, '2016-04-27 13:49:00', 5, 4559.4, '2016-04-27 16:04:03'),
(11, '2016-04-27 13:58:59', 5, 0.2168, '2016-04-27 16:04:03'),
(3, '2016-04-27 14:04:02', 5, 18010.3, '2016-04-27 16:04:02'),
(4, '2016-04-27 14:04:02', 5, 4850.4, '2016-04-27 16:04:02'),
(9, '2016-04-27 14:04:03', 5, 1.13222, '2016-04-27 16:04:03'),
(6, '2016-04-27 14:05:01', 5, 4559.4, '2016-04-27 18:04:03'),
(11, '2016-04-27 16:03:37', 5, 0.2156, '2016-04-27 18:04:03'),
(3, '2016-04-27 16:04:02', 5, 17991.2, '2016-04-27 18:04:03'),
(4, '2016-04-27 16:04:02', 5, 4836.52, '2016-04-27 18:04:03'),
(9, '2016-04-27 16:04:02', 5, 1.13038, '2016-04-27 18:04:03'),
(20, '2016-04-27 16:53:04', 5, 445.5, '2016-04-27 19:08:09'),
(11, '2016-04-27 17:07:47', 5, 0.2159, '2016-04-27 19:08:08'),
(9, '2016-04-27 17:08:06', 5, 1.1316, '2016-04-27 19:08:08'),
(3, '2016-04-27 17:08:08', 5, 18061.7, '2016-04-27 19:08:08'),
(4, '2016-04-27 17:08:08', 5, 4857.51, '2016-04-27 19:08:08'),
(22, '2016-04-27 17:08:09', 5, 2096.07, '2016-04-27 19:08:09'),
(20, '2016-04-27 17:48:55', 5, 446.55, '2016-04-27 20:04:03'),
(20, '2016-04-27 17:59:57', 5, 445.7, '2016-04-27 22:04:04'),
(11, '2016-04-27 18:00:00', 5, 0.2159, '2016-04-27 20:04:03'),
(11, '2016-04-27 18:02:02', 5, 0.2187, '2016-04-27 22:04:03'),
(3, '2016-04-27 18:04:02', 5, 18041.6, '2016-04-27 20:04:02'),
(4, '2016-04-27 18:04:02', 5, 4863.14, '2016-04-27 20:04:02'),
(9, '2016-04-27 18:04:02', 5, 1.1313, '2016-04-27 20:04:03'),
(22, '2016-04-27 18:04:03', 5, 2095.15, '2016-04-27 20:04:04'),
(3, '2016-04-27 18:37:09', 5, 18041.6, '2016-04-27 22:04:03'),
(22, '2016-04-27 18:37:09', 5, 2095.15, '2016-04-27 22:04:04'),
(4, '2016-04-27 19:15:59', 5, 4863.14, '2016-04-27 22:04:03'),
(9, '2016-04-27 20:04:00', 5, 1.1327, '2016-04-27 22:04:03'),
(9, '2016-04-27 22:03:58', 5, 1.13251, '2016-04-28 00:04:03'),
(10, '2016-04-27 23:44:00', 5, 17512.9, '2016-04-28 02:04:03'),
(12, '2016-04-27 23:49:00', 5, 21567.3, '2016-04-28 02:04:03'),
(9, '2016-04-28 00:04:02', 5, 1.13057, '2016-04-28 02:04:03'),
(10, '2016-04-28 01:44:00', 5, 16754.6, '2016-04-28 04:04:03'),
(12, '2016-04-28 01:49:02', 5, 21441.5, '2016-04-28 04:04:03'),
(9, '2016-04-28 02:04:01', 5, 1.13341, '2016-04-28 04:04:03'),
(10, '2016-04-28 03:44:00', 5, 16653.9, '2016-04-28 06:04:05'),
(12, '2016-04-28 03:49:02', 5, 21425.8, '2016-04-28 06:04:05'),
(10, '2016-04-28 04:00:01', 5, 16666.1, '2016-04-28 08:04:03'),
(9, '2016-04-28 04:04:03', 5, 1.13433, '2016-04-28 06:04:05'),
(7, '2016-04-28 05:47:58', 5, 9187.4, '2016-04-28 08:04:03'),
(6, '2016-04-28 05:48:00', 5, 4523.28, '2016-04-28 08:04:03'),
(20, '2016-04-28 05:48:01', 5, 443, '2016-04-28 08:04:04'),
(12, '2016-04-28 05:48:02', 5, 21374.1, '2016-04-28 08:04:03'),
(5, '2016-04-28 05:48:03', 5, 10232.7, '2016-04-28 08:04:03'),
(19, '2016-04-28 05:48:03', 5, 6263.7, '2016-04-28 08:04:04'),
(12, '2016-04-28 06:01:22', 5, 21388, '2016-04-28 10:04:03'),
(8, '2016-04-28 06:03:01', 5, 18704.2, '2016-04-28 08:04:03'),
(9, '2016-04-28 06:03:02', 5, 1.13619, '2016-04-28 08:04:03'),
(7, '2016-04-28 07:48:59', 5, 9120.1, '2016-04-28 10:04:03'),
(6, '2016-04-28 07:49:00', 5, 4493.9, '2016-04-28 10:04:03'),
(20, '2016-04-28 07:49:00', 5, 443.18, '2016-04-28 10:04:04'),
(19, '2016-04-28 07:49:01', 5, 6250.72, '2016-04-28 10:04:04'),
(5, '2016-04-28 07:49:02', 5, 10169.9, '2016-04-28 10:04:03'),
(9, '2016-04-28 08:03:58', 5, 1.13554, '2016-04-28 10:04:03'),
(8, '2016-04-28 08:03:59', 5, 18663.4, '2016-04-28 10:04:03'),
(7, '2016-04-28 09:48:54', 5, 9130, '2016-04-28 12:04:03'),
(6, '2016-04-28 09:49:00', 5, 4492.68, '2016-04-28 12:04:03'),
(20, '2016-04-28 09:49:00', 5, 443.69, '2016-04-28 12:04:04'),
(19, '2016-04-28 09:49:01', 5, 6250.91, '2016-04-28 12:04:04'),
(5, '2016-04-28 09:49:03', 5, 10168, '2016-04-28 12:04:03'),
(8, '2016-04-28 10:03:59', 5, 18639.7, '2016-04-28 12:04:03'),
(9, '2016-04-28 10:04:02', 5, 1.1347, '2016-04-28 12:04:03'),
(7, '2016-04-28 11:47:49', 5, 9202.1, '2016-04-28 14:04:03'),
(20, '2016-04-28 11:47:59', 5, 444.35, '2016-04-28 14:04:04'),
(6, '2016-04-28 11:48:00', 5, 4520.16, '2016-04-28 14:04:03'),
(5, '2016-04-28 11:48:03', 5, 10234.8, '2016-04-28 14:04:02'),
(19, '2016-04-28 11:48:04', 5, 6283.31, '2016-04-28 14:04:04');
INSERT INTO `valeur_api` (`id_indice`, `date`, `id_type_valeur_api`, `valeur`, `date_maj`) VALUES
(11, '2016-04-28 12:02:56', 5, 0.2155, '2016-04-28 14:04:03'),
(8, '2016-04-28 12:03:00', 5, 18855.9, '2016-04-28 14:04:03'),
(9, '2016-04-28 12:03:02', 5, 1.1335, '2016-04-28 14:04:03'),
(3, '2016-04-28 12:04:02', 5, 17981.4, '2016-04-28 14:04:02'),
(4, '2016-04-28 12:04:02', 5, 4875.99, '2016-04-28 14:04:02'),
(22, '2016-04-28 12:04:03', 5, 2094, '2016-04-28 14:04:04'),
(8, '2016-04-28 13:29:59', 5, 18947.4, '2016-04-28 16:04:03'),
(19, '2016-04-28 13:29:59', 5, 6314.83, '2016-04-28 16:04:03'),
(19, '2016-04-28 13:35:29', 5, 6322.4, '2016-04-28 18:04:04'),
(7, '2016-04-28 13:38:00', 5, 9269, '2016-04-28 16:04:03'),
(25, '2016-04-28 13:38:00', 5, 9269, '2016-04-28 20:34:49'),
(5, '2016-04-28 13:45:00', 5, 10321.2, '2016-04-28 16:04:02'),
(7, '2016-04-28 13:45:00', 5, 10321.2, '2016-04-28 20:34:48'),
(6, '2016-04-28 13:49:00', 5, 4557.36, '2016-04-28 16:04:03'),
(20, '2016-04-28 13:49:00', 5, 450.31, '2016-04-28 16:04:03'),
(9, '2016-04-28 13:50:00', 5, 3125.43, '2016-04-28 20:34:48'),
(11, '2016-04-28 13:52:20', 5, 0.2149, '2016-04-28 16:04:03'),
(3, '2016-04-28 14:04:02', 5, 18017.7, '2016-04-28 16:04:02'),
(4, '2016-04-28 14:04:02', 5, 4885.79, '2016-04-28 16:04:02'),
(9, '2016-04-28 14:04:02', 5, 1.13278, '2016-04-28 16:04:03'),
(22, '2016-04-28 14:04:03', 5, 2098.35, '2016-04-28 16:04:04'),
(6, '2016-04-28 14:05:01', 5, 4557.36, '2016-04-28 18:04:03'),
(20, '2016-04-28 15:45:18', 5, 446.3, '2016-04-28 18:04:04'),
(11, '2016-04-28 16:02:16', 5, 0.2133, '2016-04-28 18:04:03'),
(3, '2016-04-28 16:04:02', 5, 17975.5, '2016-04-28 18:04:02'),
(4, '2016-04-28 16:04:02', 5, 4863.91, '2016-04-28 18:04:02'),
(9, '2016-04-28 16:04:02', 5, 1.1347, '2016-04-28 18:04:03'),
(22, '2016-04-28 16:04:04', 5, 2094.52, '2016-04-28 18:04:04'),
(20, '2016-04-28 17:48:57', 5, 443.3, '2016-04-28 20:04:04'),
(20, '2016-04-28 17:59:57', 5, 442.95, '2016-04-28 20:34:49'),
(11, '2016-04-28 18:00:00', 5, 0.21, '2016-04-28 20:04:03'),
(11, '2016-04-28 18:02:03', 5, 0.21, '2016-04-28 20:34:49'),
(9, '2016-04-28 18:04:01', 5, 1.1359, '2016-04-28 20:04:03'),
(3, '2016-04-28 18:04:02', 5, 17830.8, '2016-04-28 20:04:02'),
(4, '2016-04-28 18:04:02', 5, 4805.29, '2016-04-28 20:04:02'),
(22, '2016-04-28 18:04:03', 5, 2075.82, '2016-04-28 20:04:04'),
(3, '2016-04-28 18:20:00', 5, 17830.8, '2016-04-28 20:34:48'),
(22, '2016-04-28 18:20:00', 5, 2075.81, '2016-04-28 20:34:49'),
(4, '2016-04-28 18:34:48', 5, 4805.29, '2016-04-28 20:34:48'),
(4, '2016-04-28 18:35:28', 5, 4805.29, '2016-04-28 20:35:29'),
(3, '2016-04-28 18:37:19', 5, 17830.8, '2016-04-28 22:04:02'),
(22, '2016-04-28 18:37:19', 5, 2075.81, '2016-04-28 22:04:04'),
(4, '2016-04-28 19:15:59', 5, 4805.29, '2016-04-28 22:04:02'),
(12, '2016-04-28 23:49:02', 5, 21095.7, '2016-04-29 02:04:03'),
(12, '2016-04-29 01:49:04', 5, 21081.1, '2016-04-29 04:04:07'),
(12, '2016-04-29 03:49:02', 5, 21113.1, '2016-04-29 06:04:03'),
(25, '2016-04-29 05:47:59', 5, 9168, '2016-04-29 08:04:04'),
(6, '2016-04-29 05:48:00', 5, 4496.67, '2016-04-29 08:04:02'),
(9, '2016-04-29 05:48:00', 5, 3084.29, '2016-04-29 08:04:03'),
(12, '2016-04-29 05:48:02', 5, 21082.1, '2016-04-29 08:04:03'),
(20, '2016-04-29 05:48:02', 5, 442.5, '2016-04-29 08:04:04'),
(5, '2016-04-29 05:48:03', 5, 10221.1, '2016-04-29 08:04:02'),
(7, '2016-04-29 05:48:03', 5, 10221.1, '2016-04-29 08:04:02'),
(19, '2016-04-29 05:48:05', 5, 6270.96, '2016-04-29 08:04:03'),
(12, '2016-04-29 06:01:22', 5, 21067.1, '2016-04-29 10:04:03'),
(8, '2016-04-29 06:03:01', 5, 18829.7, '2016-04-29 08:04:03'),
(25, '2016-04-29 07:48:57', 5, 9168.7, '2016-04-29 10:04:04'),
(6, '2016-04-29 07:49:00', 5, 4498.59, '2016-04-29 10:04:03'),
(9, '2016-04-29 07:49:00', 5, 3087.62, '2016-04-29 10:04:03'),
(20, '2016-04-29 07:49:00', 5, 445.58, '2016-04-29 10:04:04'),
(5, '2016-04-29 07:49:03', 5, 10236.3, '2016-04-29 10:04:03'),
(7, '2016-04-29 07:49:03', 5, 10236.3, '2016-04-29 10:04:03'),
(19, '2016-04-29 07:49:03', 5, 6291.68, '2016-04-29 10:04:04'),
(8, '2016-04-29 08:03:58', 5, 18970.2, '2016-04-29 10:04:03'),
(25, '2016-04-29 09:48:56', 5, 9109.5, '2016-04-29 12:04:04'),
(6, '2016-04-29 09:49:00', 5, 4481.64, '2016-04-29 12:04:02'),
(9, '2016-04-29 09:49:00', 5, 3071.03, '2016-04-29 12:04:03'),
(20, '2016-04-29 09:49:00', 5, 444.86, '2016-04-29 12:04:03'),
(19, '2016-04-29 09:49:02', 5, 6278.28, '2016-04-29 12:04:03'),
(5, '2016-04-29 09:49:03', 5, 10186.5, '2016-04-29 12:04:02'),
(7, '2016-04-29 09:49:03', 5, 10186.5, '2016-04-29 12:04:03'),
(8, '2016-04-29 10:03:56', 5, 18839.8, '2016-04-29 12:04:03'),
(25, '2016-04-29 11:47:45', 5, 9098, '2016-04-29 14:04:05'),
(6, '2016-04-29 11:48:00', 5, 4457.94, '2016-04-29 14:04:03'),
(9, '2016-04-29 11:48:00', 5, 3050.58, '2016-04-29 14:04:04'),
(19, '2016-04-29 11:48:01', 5, 6263.53, '2016-04-29 14:04:04'),
(20, '2016-04-29 11:48:01', 5, 438.75, '2016-04-29 14:04:04'),
(5, '2016-04-29 11:48:02', 5, 10105.9, '2016-04-29 14:04:03'),
(7, '2016-04-29 11:48:02', 5, 10105.9, '2016-04-29 14:04:03'),
(8, '2016-04-29 12:03:00', 5, 18735.4, '2016-04-29 14:04:03'),
(11, '2016-04-29 12:03:24', 5, 0.2001, '2016-04-29 14:04:04'),
(3, '2016-04-29 12:04:03', 5, 17707.5, '2016-04-29 14:04:03'),
(4, '2016-04-29 12:04:03', 5, 4776.57, '2016-04-29 14:04:03'),
(22, '2016-04-29 12:04:05', 5, 2061.91, '2016-04-29 14:04:05'),
(8, '2016-04-29 13:29:55', 5, 18650.1, '2016-04-29 16:04:03'),
(19, '2016-04-29 13:29:58', 5, 6255.11, '2016-04-29 16:04:04'),
(19, '2016-04-29 13:35:29', 5, 6241.89, '2016-04-29 18:04:04'),
(8, '2016-04-29 13:35:59', 5, 18600.6, '2016-05-01 04:04:03'),
(25, '2016-04-29 13:38:00', 5, 9025.7, '2016-04-29 16:04:05'),
(5, '2016-04-29 13:45:00', 5, 10039, '2016-04-29 16:04:03'),
(7, '2016-04-29 13:45:00', 5, 10039, '2016-04-29 16:04:03'),
(6, '2016-04-29 13:49:00', 5, 4428.96, '2016-04-29 16:04:03'),
(9, '2016-04-29 13:49:00', 5, 3028.21, '2016-04-29 16:04:03'),
(20, '2016-04-29 13:49:00', 5, 439.68, '2016-04-29 16:04:04'),
(9, '2016-04-29 13:50:00', 5, 3028.21, '2016-04-29 18:04:03'),
(11, '2016-04-29 13:53:53', 5, 0.19, '2016-04-29 16:04:04'),
(3, '2016-04-29 14:04:02', 5, 17682.5, '2016-04-29 16:04:03'),
(4, '2016-04-29 14:04:02', 5, 4751.9, '2016-04-29 16:04:03'),
(22, '2016-04-29 14:04:04', 5, 2055.79, '2016-04-29 16:04:04'),
(6, '2016-04-29 14:05:01', 5, 4428.96, '2016-04-29 18:04:03'),
(20, '2016-04-29 15:48:14', 5, 436.6, '2016-04-29 18:04:04'),
(11, '2016-04-29 16:02:24', 5, 0.19, '2016-04-29 18:04:03'),
(3, '2016-04-29 16:04:02', 5, 17710.1, '2016-04-29 18:04:03'),
(4, '2016-04-29 16:04:02', 5, 4759.81, '2016-04-29 18:04:03'),
(22, '2016-04-29 16:04:04', 5, 2056.24, '2016-04-29 18:04:04'),
(20, '2016-04-29 17:48:56', 5, 438, '2016-04-29 20:04:04'),
(20, '2016-04-29 17:59:57', 5, 436.8, '2016-04-29 22:04:04'),
(11, '2016-04-29 18:00:00', 5, 0.1998, '2016-04-29 20:04:03'),
(11, '2016-04-29 18:02:29', 5, 0.1907, '2016-04-29 22:04:03'),
(3, '2016-04-29 18:04:02', 5, 17773.8, '2016-04-29 20:04:03'),
(4, '2016-04-29 18:04:02', 5, 4775.36, '2016-04-29 20:04:03'),
(22, '2016-04-29 18:04:04', 5, 2065.31, '2016-04-29 20:04:04'),
(3, '2016-04-29 18:40:49', 5, 17773.6, '2016-04-29 22:04:02'),
(22, '2016-04-29 18:40:49', 5, 2065.3, '2016-04-29 22:04:04'),
(4, '2016-04-29 19:15:59', 5, 4775.36, '2016-04-29 22:04:02'),
(10, '2016-05-01 23:44:00', 5, 16053.1, '2016-05-02 02:04:03'),
(10, '2016-05-02 01:44:00', 5, 16096.8, '2016-05-02 04:04:03'),
(10, '2016-05-02 03:44:00', 5, 16085.9, '2016-05-02 06:04:03'),
(10, '2016-05-02 04:00:01', 5, 16147.4, '2016-05-02 08:04:03'),
(6, '2016-05-02 05:48:45', 5, 4444, '2016-05-02 08:04:02'),
(9, '2016-05-02 05:48:45', 5, 3032.93, '2016-05-02 08:04:03'),
(20, '2016-05-02 05:48:47', 5, 437.8, '2016-05-02 08:04:03'),
(25, '2016-05-02 05:48:53', 5, 9013.9, '2016-05-02 08:04:04'),
(5, '2016-05-02 05:48:59', 5, 10107.3, '2016-05-02 08:04:02'),
(7, '2016-05-02 05:48:59', 5, 10107.3, '2016-05-02 08:04:02'),
(8, '2016-05-02 06:03:57', 5, 18396.5, '2016-05-02 08:04:02');

--
-- Indexes for dumped tables
--

--
-- Indexes for table `commentaire`
--
ALTER TABLE `commentaire`
  ADD PRIMARY KEY (`id_commentaire`);

--
-- Indexes for table `commentaire_indice`
--
ALTER TABLE `commentaire_indice`
  ADD PRIMARY KEY (`id_commentaire`,`id_indice`),
  ADD KEY `id_indice` (`id_indice`);

--
-- Indexes for table `continent`
--
ALTER TABLE `continent`
  ADD PRIMARY KEY (`id_continent`);

--
-- Indexes for table `indice`
--
ALTER TABLE `indice`
  ADD PRIMARY KEY (`id_indice`),
  ADD KEY `indice_ibfk_1` (`id_continent`);

--
-- Indexes for table `type_commentaire`
--
ALTER TABLE `type_commentaire`
  ADD PRIMARY KEY (`id_type_commentaire`);

--
-- Indexes for table `type_valeur`
--
ALTER TABLE `type_valeur`
  ADD PRIMARY KEY (`id_type_valeur`);

--
-- Indexes for table `type_valeur_api`
--
ALTER TABLE `type_valeur_api`
  ADD PRIMARY KEY (`id_type_valeur_api`);

--
-- Indexes for table `valeur`
--
ALTER TABLE `valeur`
  ADD PRIMARY KEY (`id_indice`,`periode`,`id_type_valeur`,`annuelle`),
  ADD KEY `valeur_ibfk_2` (`id_type_valeur`);

--
-- Indexes for table `valeur_api`
--
ALTER TABLE `valeur_api`
  ADD PRIMARY KEY (`id_type_valeur_api`,`date`,`id_indice`) USING BTREE,
  ADD KEY `id_type_valeur_api` (`id_type_valeur_api`),
  ADD KEY `valeur_api_ibfk_1` (`id_indice`);

--
-- AUTO_INCREMENT for dumped tables
--

--
-- AUTO_INCREMENT for table `indice`
--
ALTER TABLE `indice`
  MODIFY `id_indice` int(11) NOT NULL AUTO_INCREMENT,AUTO_INCREMENT=27;
--
-- AUTO_INCREMENT for table `type_valeur`
--
ALTER TABLE `type_valeur`
  MODIFY `id_type_valeur` int(11) NOT NULL AUTO_INCREMENT,AUTO_INCREMENT=4;
--
-- AUTO_INCREMENT for table `type_valeur_api`
--
ALTER TABLE `type_valeur_api`
  MODIFY `id_type_valeur_api` int(11) NOT NULL AUTO_INCREMENT,AUTO_INCREMENT=7;
--
-- Constraints for dumped tables
--

--
-- Constraints for table `commentaire_indice`
--
ALTER TABLE `commentaire_indice`
  ADD CONSTRAINT `commentaire_indice_ibfk_2` FOREIGN KEY (`id_indice`) REFERENCES `indice` (`id_indice`),
  ADD CONSTRAINT `commentaire_indice_ibfk_1` FOREIGN KEY (`id_commentaire`) REFERENCES `commentaire` (`id_commentaire`);

--
-- Constraints for table `indice`
--
ALTER TABLE `indice`
  ADD CONSTRAINT `indice_ibfk_1` FOREIGN KEY (`id_continent`) REFERENCES `continent` (`id_continent`) ON DELETE CASCADE ON UPDATE CASCADE;

--
-- Constraints for table `valeur`
--
ALTER TABLE `valeur`
  ADD CONSTRAINT `valeur_ibfk_2` FOREIGN KEY (`id_type_valeur`) REFERENCES `type_valeur` (`id_type_valeur`) ON DELETE CASCADE ON UPDATE CASCADE,
  ADD CONSTRAINT `valeur_ibfk_1` FOREIGN KEY (`id_indice`) REFERENCES `indice` (`id_indice`) ON DELETE CASCADE ON UPDATE CASCADE;

--
-- Constraints for table `valeur_api`
--
ALTER TABLE `valeur_api`
  ADD CONSTRAINT `valeur_api_ibfk_1` FOREIGN KEY (`id_indice`) REFERENCES `indice` (`id_indice`) ON DELETE CASCADE,
  ADD CONSTRAINT `valeur_api_ibfk_2` FOREIGN KEY (`id_type_valeur_api`) REFERENCES `type_valeur_api` (`id_type_valeur_api`) ON DELETE CASCADE;

/*!40101 SET CHARACTER_SET_CLIENT=@OLD_CHARACTER_SET_CLIENT */;
/*!40101 SET CHARACTER_SET_RESULTS=@OLD_CHARACTER_SET_RESULTS */;
/*!40101 SET COLLATION_CONNECTION=@OLD_COLLATION_CONNECTION */;
